variant,legal_accuracy,citation_consistency,hallucination_rate,communication_cost
Full framework,0.7301109156569022,0.7829791208751685,0.14256924541219737,0.22
no jurisdiction embedding,0.7022289676938469,0.7498295913032812,0.17390579816669902,0.22219303783079491
no citation penalty,0.7142179584191286,0.7573691160051359,0.16564280029083572,0.23279707268448063
no reasoning penalty,0.7010229211081205,0.7433354177458371,0.1734983621165798,0.23151454321188228
no verdict penalty,0.7063309780233645,0.7593406600005406,0.15815150558690366,0.21893951626519004
no rule alignment,0.6988392473131579,0.7439866665289859,0.1650871701705146,0.2297115666913192
no citation verifier,0.6990033632374988,0.7422233907689798,0.175204521707252,0.21738495536279004
no debate agents,0.70579539527142,0.7464604267482287,0.16016722008884335,0.226716792331646
no privacy auditor,0.7175085116088229,0.764668217717202,0.1471813307462571,0.22710110291214436
