round,method,citation_conflict,reasoning_conflict,verdict_conflict,rule_alignment_distance,total_conflict
1,FedAvg,0.7332166753572038,0.5339595679348759,0.46460034885869356,0.6144013189843219,0.5825223902313015
2,FedAvg,0.7265229947478286,0.5192013313917863,0.4622339437139739,0.6094930097536253,0.5748482359837116
3,FedAvg,0.722187237119752,0.5068733598049497,0.4537859016514689,0.5992130850831546,0.565897909650921
4,FedAvg,0.7167410179858336,0.5078463273436953,0.4647861896695718,0.6018001725899274,0.5680957346349453
5,FedAvg,0.7065777811637022,0.49057742543031235,0.4558139751445107,0.5994064979055854,0.5576524662872641
6,FedAvg,0.7036982410367023,0.4885268287786214,0.45896856631680294,0.5961535469838456,0.5564554598687319
7,FedAvg,0.7077400887137023,0.49429569792970773,0.4507829489620507,0.5858435526607195,0.5550881793299944
8,FedAvg,0.6821193048947602,0.4828604164363087,0.45104992016782464,0.591013733051434,0.5463531778068257
9,FedAvg,0.6881882637053226,0.48294573726096723,0.43919116512172623,0.5776277090295109,0.5422541201909545
10,FedAvg,0.6755574823464103,0.4784601980143128,0.4408796544428512,0.5788702940455782,0.5384214024107249
11,FedAvg,0.6765393863806768,0.4859378100768284,0.4477097608964957,0.582903949498413,0.5434244197420243
12,FedAvg,0.6749298054158868,0.4774352460451479,0.42498081433553614,0.5688425018456825,0.5319767291205366
13,FedAvg,0.6640735060880019,0.4647324001619814,0.4339237181774174,0.5660121462691825,0.5271214553687857
14,FedAvg,0.66364002746635,0.4676626228131125,0.43350336286975777,0.5704197792868737,0.5286685902853354
15,FedAvg,0.6440999089752307,0.4511933162669304,0.4241176843300002,0.5592250596188345,0.5142574051301537
16,FedAvg,0.6549710838350439,0.4493667086766879,0.42286340644108233,0.5559974752294872,0.5154681302179354
17,FedAvg,0.6394534108338692,0.45241941289498616,0.4224874666268949,0.5550149623191827,0.5122140356975234
18,FedAvg,0.6416019794937428,0.4351309223776399,0.40981618189546115,0.5556537245232599,0.504524561965245
19,FedAvg,0.6338093516207435,0.43658203255615285,0.412359256559935,0.5353507764306019,0.49958691709813585
20,FedAvg,0.612099693833606,0.4260574623194208,0.40296265565818956,0.5388589144997594,0.489354608968727
21,FedAvg,0.6180258477726946,0.4304649665779936,0.4011026373373917,0.5344094268319527,0.49080349661731015
22,FedAvg,0.618884704944349,0.4353831873790544,0.3985827304643179,0.5305092839298613,0.49108367185185536
23,FedAvg,0.6219346900414818,0.41695323750795277,0.39821612563181596,0.5282177006131458,0.48576721529333944
24,FedAvg,0.6094328835766852,0.4187479934830516,0.3969282929043396,0.5248518300711487,0.4821850581794014
25,FedAvg,0.6044026607828955,0.4079842678969541,0.39575132896365633,0.5272860718565517,0.4778909921770345
26,FedAvg,0.5895758786604347,0.4024943940432984,0.3834629465912451,0.5177870206128499,0.46756542864847944
27,FedAvg,0.6018821666679899,0.3980475119488786,0.3981570523423941,0.5196102783640167,0.4733461140100629
28,FedAvg,0.5994283816736785,0.41030891010568343,0.3912706452499809,0.5177009727464293,0.47430762431190576
29,FedAvg,0.5840948621574543,0.4119191071201786,0.38642456330069386,0.5085917182160662,0.46792393214380384
30,FedAvg,0.5779887545333444,0.3968526089637975,0.37825155588997067,0.5097158686316748,0.460059034021303
31,FedAvg,0.5650228145642013,0.3859116513210761,0.37702862988804686,0.5141747660818083,0.45412130972574655
32,FedAvg,0.5755123293394273,0.39073849203685534,0.37771523715400196,0.5042040935930298,0.45636925795301986
33,FedAvg,0.5819463906819488,0.3808470720137657,0.37446392462951356,0.4960813435021877,0.45257296913243283
34,FedAvg,0.5656002785615369,0.3840488855553051,0.3612216032029339,0.4958316127113198,0.4460864586499732
35,FedAvg,0.5644888367345215,0.37741703074597216,0.37111616854359186,0.48831783539301643,0.4447899276219233
36,FedAvg,0.5558118459262883,0.3738224444134469,0.3797763300463567,0.49126170905110855,0.44429611912741696
37,FedAvg,0.5423451896757473,0.37230309572854564,0.3529062240284051,0.49118170826773005,0.4337401237981478
38,FedAvg,0.5520141094977798,0.3617392648724841,0.3650307058976578,0.47949792908054606,0.4336825691267139
39,FedAvg,0.5323678127920437,0.359387878707223,0.3594063363405158,0.479560675502321,0.42667203599577097
40,FedAvg,0.5343344391081182,0.3481250527724397,0.35454492780843405,0.48328397998358785,0.42331415355758756
41,FedAvg,0.5331362655545332,0.3524798479758632,0.3597767346712287,0.4720463417007933,0.42338147278935806
42,FedAvg,0.5326664862499951,0.34331522614475013,0.3443196086876296,0.47256452753940104,0.4167539970857114
43,FedAvg,0.5258115527210421,0.34773843950922145,0.34889009103601465,0.46341238858547174,0.415679420509125
44,FedAvg,0.5216235880765482,0.33965672522946516,0.3532523177158482,0.46152173454148243,0.4129203409252351
45,FedAvg,0.5107605255949269,0.34284412009022325,0.3424406954020575,0.46017437360911545,0.40818841599813616
46,FedAvg,0.5036596317305313,0.3418281145892035,0.33903404631591394,0.4707825345942113,0.40737836080721457
47,FedAvg,0.5078702903448538,0.32749722060421554,0.33951976669447614,0.4549879624753139,0.40109427293615996
48,FedAvg,0.49938453425635,0.3280844257730943,0.3344157864003319,0.45153854870301646,0.39718311763670205
49,FedAvg,0.4919816506259225,0.3242868005030959,0.34243507214919133,0.44855017161713984,0.39560025516813513
50,FedAvg,0.4884533301928211,0.33144419679278253,0.32763945874791806,0.4477384121682412,0.3930041387066678
51,FedAvg,0.48936648801856614,0.3342575361556134,0.3346124494134613,0.44906866757941366,0.39608572872057357
52,FedAvg,0.47748726658047647,0.32621785064257364,0.32154291999203904,0.4439811928368999,0.38641914040328096
53,FedAvg,0.47685026898351396,0.3161361044027178,0.3292820231451154,0.4505894919661085,0.3864918027461944
54,FedAvg,0.47149309489745805,0.32418094923394214,0.32319208943126404,0.43865784810994124,0.3836571504743514
55,FedAvg,0.47880243921859167,0.303498454102617,0.3083611349159881,0.44213595971001635,0.3762676217064333
56,FedAvg,0.4765975249633757,0.3188049308275531,0.3195308497184599,0.4336139912767208,0.38139637117406905
57,FedAvg,0.48266861777280995,0.30313027213228716,0.3120208621038058,0.4326111027834827,0.37613367216553667
58,FedAvg,0.45815180847515496,0.28767727105511914,0.3131825165837912,0.4197390486243246,0.3630845723061372
59,FedAvg,0.45960533478193644,0.3175876398445695,0.32135408938021864,0.42371652947653515,0.37525945388921667
60,FedAvg,0.4657388827142332,0.3085066536279286,0.3057014304669127,0.4214226250360492,0.3696965993908749
61,FedAvg,0.4555768959962561,0.2902344585158795,0.3040105264009098,0.4179887089477775,0.36056493494361086
62,FedAvg,0.45156356367645134,0.294858224144324,0.3148984118438797,0.405895660221952,0.3612520931677704
63,FedAvg,0.4604619348443136,0.29000638085574043,0.30614131832455693,0.418540001394413,0.36236072782782236
64,FedAvg,0.44489086594956573,0.28938633431101063,0.3115377837627504,0.4096980580312691,0.3578626743276361
65,FedAvg,0.4367312123758259,0.2773829864621032,0.3033632643592056,0.40696032833326956,0.34963058078904274
66,FedAvg,0.43254618762565183,0.2797331418534502,0.2952681502786016,0.40541148865348137,0.34695582476279474
67,FedAvg,0.4392734841615399,0.2841986248434713,0.29758287712143955,0.40310323912331536,0.35009432559844933
68,FedAvg,0.43593398488710133,0.28032478619568785,0.30238143841154974,0.4038548879771298,0.3494472692787951
69,FedAvg,0.42274694859923734,0.2838104469685383,0.2990520956993279,0.39305931196521526,0.34420475755824587
70,FedAvg,0.42197051080431597,0.27474823708764845,0.29238944204299994,0.3923735029167988,0.33948915992148326
71,FedAvg,0.428027678252692,0.28604776047067915,0.2908223108300211,0.3961151295982538,0.34474985133153274
72,FedAvg,0.42524999933033325,0.26536837730615104,0.28819604477837446,0.3930419855589495,0.3365804213308121
73,FedAvg,0.41492424135430156,0.2689564090608923,0.2840202664721956,0.38810161404174787,0.33304337248324156
74,FedAvg,0.41954392483415326,0.253667141377126,0.29515801301427513,0.38480470177384946,0.3317365672300148
75,FedAvg,0.41629839022317244,0.25543754811068237,0.28351640568169306,0.38120992725304415,0.32782694886002994
76,FedAvg,0.3992546942538265,0.26874514680950196,0.2759313917407876,0.3828163264649146,0.32598333083448705
77,FedAvg,0.40519571985026914,0.2529608503667752,0.27757587862130534,0.38675593518102996,0.3239323417641322
78,FedAvg,0.4067024805559653,0.2596711151960858,0.28205948706702877,0.37332416423018194,0.3247566593106107
79,FedAvg,0.3979453188620767,0.254011250630608,0.2799358607807909,0.38401098481018414,0.3224758670619361
80,FedAvg,0.3857503665388711,0.246034504942675,0.2742608620914232,0.37841196782928743,0.3144955522062336
81,FedAvg,0.39411391272942675,0.24815703771451164,0.2698723484605739,0.3697424561267507,0.31439216783720375
82,FedAvg,0.397580184753368,0.2451303820175796,0.27178916792692237,0.37375527205996445,0.3156325071873394
83,FedAvg,0.39983299103423087,0.2432850624440868,0.26143515871660344,0.36036027331324433,0.3103746108335835
84,FedAvg,0.3745158285585055,0.24874831517008686,0.26173330276105666,0.3568989406246115,0.3050665655058389
85,FedAvg,0.4006771858815962,0.24618179040438473,0.2709338917409368,0.35699192474935065,0.31315569147681876
86,FedAvg,0.37559767305082864,0.23686759290400916,0.2627787478052284,0.3592929846866518,0.3025129800225474
87,FedAvg,0.385491785758343,0.23297704237285777,0.2655999042035532,0.35763227411068416,0.3041924900244682
88,FedAvg,0.38457059366578683,0.2382240080197992,0.26837940752044637,0.3546178114971564,0.3056282650019293
89,FedAvg,0.380504670507257,0.234062756947165,0.2639139091647317,0.35564129713642867,0.3024517314294324
90,FedAvg,0.37297089991653365,0.2389876813149213,0.25915201343130817,0.3424354035605919,0.29821411344355525
91,FedAvg,0.3625965129247268,0.24692689114058958,0.2684713857735609,0.35357110874799724,0.30255926376634823
92,FedAvg,0.3708411582003152,0.2342515630597446,0.25946295186035095,0.34199711756368895,0.2962509199458277
93,FedAvg,0.36033190136973964,0.22720600575927505,0.2527205861438236,0.3438045682506685,0.29018583725630703
94,FedAvg,0.34705308826165937,0.22462372241936715,0.2568321295449448,0.343075584812883,0.2869735381400378
95,FedAvg,0.37675282634408835,0.21877839509455171,0.253704345080748,0.3374054888614404,0.29072890915686267
96,FedAvg,0.36164220143633347,0.21676182120504262,0.2457597397534421,0.3343938126244684,0.28375779418385033
97,FedAvg,0.3659399463950265,0.21448514025559828,0.249099775659627,0.3342961115703366,0.2849646949044102
98,FedAvg,0.34722314444290103,0.21645763075143187,0.24645446544912733,0.3373599275934178,0.28082867721712024
99,FedAvg,0.35918256537413973,0.2146107812748735,0.23578545313991953,0.3384776775391072,0.2808207745187983
100,FedAvg,0.35762446847518825,0.21999977959986194,0.24361021341507477,0.33647223722947495,0.2836030517984194
1,FedLoRA,0.6173743892484541,0.4375064730693208,0.39838010394243706,0.5167223320235587,0.48853503162323075
2,FedLoRA,0.6135835426198826,0.43385155635294415,0.3960347830205713,0.5152958508513157,0.4856192184862598
3,FedLoRA,0.607850890268162,0.4400194006237224,0.39886916385713006,0.514460047599632,0.48657784323836606
4,FedLoRA,0.6111642247376199,0.4312585638365129,0.3912010531044842,0.5146802647708979,0.48290494156565944
5,FedLoRA,0.5913805183330516,0.4182925101751437,0.38712015159890345,0.5088539067984892,0.47188370189522977
6,FedLoRA,0.6062231244377254,0.4344334566777412,0.3838371582283773,0.5019700843726133,0.4782391245443707
7,FedLoRA,0.5911201887884461,0.41410640386945635,0.38428135714755984,0.5071162937161406,0.4695055663880665
8,FedLoRA,0.5846112013201633,0.4167071176410375,0.3754790868182321,0.4972671445522804,0.4644881362373662
9,FedLoRA,0.5866793373673378,0.4124239251744776,0.37484226210139,0.49428182975683926,0.46296394337089314
10,FedLoRA,0.5862150576601199,0.4157416041198103,0.37451955442497836,0.4867185521395051,0.4622498446851187
11,FedLoRA,0.5774975739260645,0.40063581417161337,0.3694001862590958,0.4865503591270168,0.45422525612317743
12,FedLoRA,0.5772268167709145,0.4055611171401422,0.3691083782830391,0.49062791443112214,0.4563777167917555
13,FedLoRA,0.5672298699799359,0.39125000411299704,0.3641408618751239,0.4761941910277329,0.4454565224032106
14,FedLoRA,0.5693595585109993,0.3986683381496524,0.37473097515285736,0.48086460292498373,0.45179605544585666
15,FedLoRA,0.5650548954462116,0.38363680023326835,0.36889518178523073,0.4817714993325704,0.4449328592443552
16,FedLoRA,0.5526330295744294,0.3823649798817438,0.3620603831105705,0.4732839378316349,0.43803963470210006
17,FedLoRA,0.5575544280851631,0.3922814142555052,0.35712512872573593,0.47337905108521466,0.44103012369641925
18,FedLoRA,0.5456397776893717,0.37921815472002407,0.3659513001487326,0.46363056571553035,0.4343893290186394
19,FedLoRA,0.5409473830186176,0.3744284057154986,0.35423796683412484,0.4728239924189388,0.4306896576616229
20,FedLoRA,0.5307138728421615,0.3837179763836306,0.349835970336408,0.4688593632957064,0.42902472636887284
21,FedLoRA,0.5303683506165199,0.36897144839164203,0.34945390737017135,0.46163637052545514,0.4229742731192564
22,FedLoRA,0.5326660533591855,0.3584854122869529,0.3471569622698077,0.44881131379534883,0.41726364035240393
23,FedLoRA,0.5160650020542766,0.3644097394406651,0.3503885114685458,0.4495076150632075,0.41583782322554663
24,FedLoRA,0.5238193486221875,0.34957194203415765,0.34097229660135664,0.45679436403451,0.41242836672303534
25,FedLoRA,0.518034013821119,0.36013182266401744,0.3493142778857081,0.457672398563845,0.41641109943868104
26,FedLoRA,0.5136679947200338,0.3573370504751684,0.3321782355330553,0.4478081576538958,0.40822430423660194
27,FedLoRA,0.4948631817483123,0.34344158436691447,0.3378492547758112,0.4498021273890302,0.40117100991891125
28,FedLoRA,0.5036209966382832,0.33992851495042203,0.32718032649904455,0.43778916477798957,0.39723671822505646
29,FedLoRA,0.5043067578030882,0.3416095108972133,0.3391050393351785,0.4371652911949154,0.40076886079271373
30,FedLoRA,0.49205425365307626,0.33752749523088427,0.3262162232408976,0.43542385947659495,0.39291063968807777
31,FedLoRA,0.4934262727390153,0.32850558979024,0.3254468874827467,0.43486096358242876,0.3902421597089983
32,FedLoRA,0.4749057308338551,0.3347460238271658,0.32824689667319784,0.42245008754079005,0.385701981533071
33,FedLoRA,0.489529184294522,0.3160882166233127,0.32780921767212157,0.432167251522311,0.38559451578311693
34,FedLoRA,0.47788943523445626,0.3227800495359239,0.31389868643957924,0.4314673901505407,0.3810745233093942
35,FedLoRA,0.48349156649839425,0.3200266307226143,0.3156714182640304,0.4165225116125216,0.37910323772989474
36,FedLoRA,0.4636419265189188,0.31791866668768454,0.3083901591615601,0.4129216445744279,0.3709679503413107
37,FedLoRA,0.47532293802598496,0.31854408371753534,0.3140321182557934,0.4189037598808926,0.3766827411618837
38,FedLoRA,0.46625350471764776,0.30650917133084976,0.31083763791167296,0.41135231392396987,0.3684959998413791
39,FedLoRA,0.4690613377808806,0.314618640729053,0.3076166675876137,0.40026277522356307,0.36860764860555206
40,FedLoRA,0.45523645268184637,0.30725014748453583,0.3039736365092302,0.41367286698834865,0.36471213994079965
41,FedLoRA,0.4536890450208454,0.30170617632127705,0.30351862557707676,0.4079407636868456,0.3614019232832328
42,FedLoRA,0.46749731126291005,0.29471540546684044,0.29978584731383295,0.40233205733092764,0.36070182275042345
43,FedLoRA,0.4457391108547107,0.2931586962664424,0.30424959438927063,0.412854516383865,0.3580156884677011
44,FedLoRA,0.44319195323422184,0.2997920075913173,0.3072886366901131,0.40057316526911013,0.35767238281230096
45,FedLoRA,0.442510660061519,0.2892510104687495,0.28817635372065553,0.39372203513516163,0.34819146361320086
46,FedLoRA,0.4348092530207989,0.2928543087626931,0.29538805883410113,0.39562452533257636,0.3495305256590482
47,FedLoRA,0.4448938939130268,0.2963066216736447,0.2920316432071683,0.3875668884720827,0.3506367484765587
48,FedLoRA,0.44493955627946746,0.29362641796970496,0.2947554847175984,0.3866259066791552,0.350336866976009
49,FedLoRA,0.4272346224038571,0.29431865273414565,0.2857223322814145,0.39005204820343686,0.34454524413224896
50,FedLoRA,0.41800399432382307,0.28073373377758887,0.2879527528918807,0.3830534765985354,0.3373200022569097
51,FedLoRA,0.4323238160861005,0.27358498404194703,0.28170682939829045,0.38129212356002107,0.3368415812956861
52,FedLoRA,0.42890458965879713,0.2838322304416183,0.2886240871890584,0.38963239163874736,0.34245831667219884
53,FedLoRA,0.4241767217375473,0.27720836983753566,0.2838885852776265,0.38334458716186925,0.336847755137428
54,FedLoRA,0.42320828011542977,0.27976425083528733,0.28085211833107787,0.380837007319081,0.3361117763260293
55,FedLoRA,0.4081161320024965,0.27078447885376106,0.2817932343585817,0.3772612134608426,0.32916492793856644
56,FedLoRA,0.4093917096087058,0.27561707780889916,0.27700806717473275,0.37484996507983004,0.3292550605544954
57,FedLoRA,0.3992084754088014,0.27127372156380597,0.2687848153494611,0.377541144633357,0.3238886680853788
58,FedLoRA,0.3961433525843355,0.26827293030426463,0.2778611198500094,0.36800704969489495,0.3225844071388446
59,FedLoRA,0.40770659940264053,0.2648010426230293,0.2746673417696047,0.3752460685326284,0.32508301178649573
60,FedLoRA,0.39498435621554434,0.2619977765244042,0.2708139574320108,0.35909222992632694,0.3168673573544754
61,FedLoRA,0.409917011401596,0.2588673387625401,0.2748820530473929,0.3604716766268509,0.3209543030663794
62,FedLoRA,0.39393603273302796,0.25670765868936163,0.27443755574776635,0.35276826194660377,0.3146593471163278
63,FedLoRA,0.3869271227405042,0.25920173718015116,0.2612857604816095,0.35587337575127603,0.310988417109829
64,FedLoRA,0.39286277960572397,0.24812198973935198,0.2612582055634039,0.3581319361021096,0.3095932304345095
65,FedLoRA,0.3962156470508968,0.2595659289881903,0.2713306120195126,0.36075979610061687,0.3169083026841828
66,FedLoRA,0.3856840042121307,0.24649667144239457,0.2691331077149961,0.3481669859951349,0.30728667661352704
67,FedLoRA,0.37284976992191626,0.2510527960310612,0.2568054798212567,0.3495063031234993,0.30263091186981145
68,FedLoRA,0.3797900957299761,0.2426292123975495,0.2530663026714539,0.34569585261683783,0.3001420338429899
69,FedLoRA,0.38325486187958296,0.23974431707238703,0.2542681092828793,0.3418268683389696,0.2996694115801256
70,FedLoRA,0.36950452275339474,0.2514946320597151,0.2534650231596611,0.33761664755739795,0.2987141056076581
71,FedLoRA,0.36531005824468693,0.23554492418013045,0.2465483766712627,0.3419261155838896,0.2920133090998045
72,FedLoRA,0.373563534398227,0.22786016807625975,0.2531509647864855,0.3310372136297493,0.29124411794500593
73,FedLoRA,0.3658423370048708,0.22938384710739584,0.24513385936060275,0.3383403239848815,0.2892272680205634
74,FedLoRA,0.3559494620347974,0.22993197225618672,0.24403551544905988,0.3359976559951234,0.286175367246845
75,FedLoRA,0.3578726758040426,0.24295535556058773,0.2532336727726428,0.3307245301358734,0.2918080998395224
76,FedLoRA,0.3532276365460421,0.2294752082492471,0.24381572223709072,0.3270941260236524,0.2835222273752878
77,FedLoRA,0.3571734559186509,0.23207476731554644,0.24546557650822898,0.3233773273003144,0.28495765376144677
78,FedLoRA,0.35371172322853683,0.2187097928634228,0.24757229974420866,0.33782046480429195,0.2834980365630716
79,FedLoRA,0.35763737617991104,0.22510878787383432,0.24710933253000364,0.3199335432321412,0.28270602218605717
80,FedLoRA,0.3526968356090829,0.22531634501519515,0.23998690231316339,0.33262600140970655,0.2822910382670614
81,FedLoRA,0.336784636903567,0.23041191908768646,0.2405336666531462,0.3260467891462439,0.27866250944473303
82,FedLoRA,0.3463573963395817,0.21375932004693327,0.2348393010572495,0.3194486112583478,0.2733166926149573
83,FedLoRA,0.3470690510839091,0.2199125280531273,0.24636854758512727,0.31372024390738656,0.2770772068646746
84,FedLoRA,0.34221690571354146,0.21648136949242813,0.239558674534552,0.32296905607164245,0.27498211712408027
85,FedLoRA,0.34347810935840956,0.206929244660674,0.2294818539919659,0.3246697415283978,0.2702527125414756
86,FedLoRA,0.33183814069432294,0.21135562319517553,0.23371921510329968,0.3096300859067936,0.266722043089317
87,FedLoRA,0.3272899766737845,0.20832327108341395,0.23597919575475076,0.3110989196140525,0.2655340583549685
88,FedLoRA,0.3364560524503709,0.19440239433472456,0.23353253961401907,0.31615680816192165,0.26404922794889923
89,FedLoRA,0.32238459667037817,0.21041555126878156,0.23901681488603257,0.3108971474206902,0.26565444775387514
90,FedLoRA,0.31374278981545434,0.20855220948144368,0.2354793690009855,0.3175509667221127,0.2633813958929656
91,FedLoRA,0.3307951151666426,0.20118239760388945,0.22467927840061142,0.3030466543599597,0.2598326485449723
92,FedLoRA,0.31826197093335473,0.1943077218239324,0.22569907295788458,0.306968224817531,0.25567622248349575
93,FedLoRA,0.318754709146864,0.20975908285903716,0.21851746108321654,0.2963745935972637,0.25652068613468404
94,FedLoRA,0.31020731540688967,0.2010339044449688,0.2249635545628287,0.3114941251108606,0.25640171384809235
95,FedLoRA,0.3086659708022377,0.20411342681428585,0.22327334763896828,0.29576126041558404,0.25337110973770405
96,FedLoRA,0.30772321017789334,0.20506745426750936,0.23484834339727112,0.28678418984700216,0.25451996264344434
97,FedLoRA,0.31056191746137707,0.19208917861531777,0.2206421292252245,0.2956189262087565,0.24955155049799702
98,FedLoRA,0.3130281571129871,0.19871323345533318,0.20852185898663356,0.2939868744538148,0.24879884895226806
99,FedLoRA,0.2951227224210636,0.19103549231651898,0.21447200375039532,0.30271062621073314,0.24525145447996705
100,FedLoRA,0.31154294693926937,0.19076537234660332,0.21724885203279606,0.28989977207266454,0.24740751586153026
1,Conflict-aware,0.5004992936283277,0.3495177047489932,0.32847287349043447,0.4172605861421814,0.39555047043282476
2,Conflict-aware,0.5003490032505934,0.34558581355540297,0.31852734098943875,0.41317905777461944,0.3910306416815528
3,Conflict-aware,0.5025568871947035,0.34080866408836163,0.32348031058023047,0.408844159146517,0.39052073049954533
4,Conflict-aware,0.4889480827236763,0.33747348550948236,0.31359343694485853,0.415947000461827,0.38506682566234385
5,Conflict-aware,0.4918894581396018,0.3455776709020337,0.32086149877219716,0.4085609881747303,0.3885732381335059
6,Conflict-aware,0.48512279423815113,0.35503287005225725,0.31212584809138294,0.4092187858537222,0.38766577876880515
7,Conflict-aware,0.47663477236327473,0.3305490625520981,0.3072008704240465,0.40268927514097996,0.37566148449065573
8,Conflict-aware,0.47531125020296927,0.33917073542300685,0.30736755707403646,0.4039394547312289,0.37820881339239926
9,Conflict-aware,0.4714871908914006,0.3319447416541256,0.3034396818519314,0.3962474063111511,0.37256462194430084
10,Conflict-aware,0.4623233556787177,0.3208386664465751,0.3062828855631979,0.3974801262015604,0.36789918548476347
11,Conflict-aware,0.47164072613466207,0.32283894032698324,0.3042685081790374,0.39815053562417757,0.37045909780135533
12,Conflict-aware,0.45261849435806634,0.3201851816544935,0.3016600765454014,0.3931141628550262,0.36324802979322024
13,Conflict-aware,0.4645668971811687,0.31455680276377224,0.2968031942809914,0.38826948471058204,0.36236346063678815
14,Conflict-aware,0.45990782166204847,0.3274373611192951,0.27940304885113887,0.38280653612919857,0.35962023318992503
15,Conflict-aware,0.45029785058931304,0.301603665565802,0.29631164687031464,0.386781313607579,0.3544897367561633
16,Conflict-aware,0.4429714063937692,0.3125468349983018,0.2845219815530641,0.3853894569622609,0.35271528887865106
17,Conflict-aware,0.4429462049856785,0.309503148445057,0.29339630421660945,0.3801126674651176,0.3529591053271126
18,Conflict-aware,0.4439145172144641,0.30132245203341035,0.2960179164882901,0.37531560831968175,0.35044296569964806
19,Conflict-aware,0.4423414417240121,0.3030156856863439,0.2899381909028373,0.37965073687901313,0.3499047612384181
20,Conflict-aware,0.4364416152644152,0.3047348030497439,0.28484247883374114,0.3871398097735552,0.34916942639417325
21,Conflict-aware,0.43754140216778487,0.29776769273387405,0.2841271129579938,0.37102976640605656,0.3439533898828182
22,Conflict-aware,0.42514361850461196,0.29676856949946506,0.28261382426470527,0.3720541350516783,0.3403807585525045
23,Conflict-aware,0.42682617519328175,0.2958662792820192,0.27880122140717983,0.37010306806787524,0.3391873465482962
24,Conflict-aware,0.41296967492876646,0.27699114829219323,0.27691228965359677,0.35324661008350466,0.3262171576499497
25,Conflict-aware,0.42395278096567246,0.2955585523230292,0.2735109413167006,0.3645781065192491,0.3359491175713519
26,Conflict-aware,0.4173112870946004,0.2978926701963456,0.2823856550583183,0.35832295512430784,0.3359566276219949
27,Conflict-aware,0.41094963256003797,0.2876715879462739,0.2746966022786381,0.36669250124326097,0.3310515353422034
28,Conflict-aware,0.4174925247278964,0.28546183431905614,0.27790021726751246,0.35642927021522325,0.3307725898376137
29,Conflict-aware,0.4117816722699796,0.26855210459991324,0.2702279294485881,0.35175815112370357,0.3214196620343566
30,Conflict-aware,0.38787215857958796,0.2739411247627368,0.2702130476160848,0.3525163257274677,0.31720690412323277
31,Conflict-aware,0.40217630946222094,0.26745757078841387,0.2673888879650476,0.3524208510032914,0.3181127407939996
32,Conflict-aware,0.3904015458707601,0.26651250262105314,0.26895801140665426,0.3467838428858121,0.31415040868283195
33,Conflict-aware,0.4027542423780426,0.2735710896203301,0.2691943475765751,0.3473313552886084,0.31952474543247517
34,Conflict-aware,0.4085389610073761,0.26070570366800794,0.26469121065034074,0.3388510146176502,0.31428945693836163
35,Conflict-aware,0.3877709006235814,0.2625354549722295,0.25856917795127954,0.3425384110107805,0.3088533383375402
36,Conflict-aware,0.3886342546567159,0.24967793176686598,0.25649798796994244,0.34560150171829906,0.3053067405303842
37,Conflict-aware,0.3840120752535476,0.2580182603993888,0.26716691043258656,0.34964292817204645,0.31012881017575944
38,Conflict-aware,0.3849812043745509,0.257374161109809,0.25595784865174465,0.3414189176822196,0.3057307951259605
39,Conflict-aware,0.38412795665074734,0.25049599185162574,0.25440306165710014,0.3373505140002676,0.3022516549325031
40,Conflict-aware,0.3853941893153416,0.24832124551728674,0.26169757946182165,0.34002927884223016,0.3042751716179229
41,Conflict-aware,0.36918262814541447,0.26189979738314345,0.2583391324751331,0.33734058085278956,0.3029184955406379
42,Conflict-aware,0.38199860640784944,0.24128805210135665,0.2541094956465293,0.33871370282313124,0.2991561817086279
43,Conflict-aware,0.36446661287538124,0.2402323442987436,0.24799687928764325,0.33397196567240656,0.2919799694648605
44,Conflict-aware,0.3692301324605795,0.2396954939221757,0.2603263655228693,0.3261481934184149,0.2945274113561979
45,Conflict-aware,0.3720557213208698,0.24977967654803251,0.24910460557630637,0.32622308558847163,0.2954686018063981
46,Conflict-aware,0.3669446257632503,0.25325663548837,0.24846675151143974,0.32403438565143433,0.2946367120954704
47,Conflict-aware,0.3546194222819401,0.24072418784945115,0.24348099530281375,0.32287128819036365,0.2863166183890965
48,Conflict-aware,0.3536487941093334,0.23253383411427045,0.23588219193163198,0.32059837756788667,0.2812625722580998
49,Conflict-aware,0.35271960050810236,0.23240054241990624,0.23490951134346968,0.31393486235188206,0.2794144131592413
50,Conflict-aware,0.35284336990678083,0.23950732037513603,0.24226008348077255,0.3055930033988229,0.28174666013919375
51,Conflict-aware,0.3577122199853474,0.22582559840112432,0.24083837884892814,0.3110307974729941,0.27959148872350503
52,Conflict-aware,0.3407828300147319,0.2382050309525539,0.2363453385538622,0.30255074676232885,0.2762537007803805
53,Conflict-aware,0.3490599593720362,0.23620369224602214,0.23036496093759185,0.31132605506432803,0.27798254876407924
54,Conflict-aware,0.3476682628055988,0.22636361284643966,0.22770498449026638,0.3093277849840578,0.27361795267470973
55,Conflict-aware,0.34512923944320534,0.2280783021390399,0.2319756524373877,0.29925946963938904,0.27255160753973806
56,Conflict-aware,0.3423706021502324,0.22697992084615523,0.22504753094092908,0.3094237109675296,0.27183325172014283
57,Conflict-aware,0.34649788736402154,0.23010714626641818,0.23554754078204912,0.30867587150414827,0.2762786752172728
58,Conflict-aware,0.3381517821679379,0.2127938883225299,0.23555250687999135,0.30319262890565885,0.26790276453987305
59,Conflict-aware,0.33822516371930433,0.22453057097733398,0.24268189565538947,0.309436464073916,0.2744732289516568
60,Conflict-aware,0.334344471944108,0.21355251140300022,0.23168707551798254,0.30885409323722873,0.26734445893386843
61,Conflict-aware,0.33962275106860745,0.20957740584327886,0.22310112466399581,0.29187619628747297,0.26192942994362906
62,Conflict-aware,0.31538701337401565,0.21319942139160367,0.22048795355737733,0.3015127588009073,0.2582311199105108
63,Conflict-aware,0.33242093976976694,0.2097158283734207,0.20637946646314254,0.29696910442629976,0.2570086709555135
64,Conflict-aware,0.3211250231566272,0.2035143080142965,0.21946631439586184,0.2953045608841352,0.2552630389692383
65,Conflict-aware,0.3189900954243163,0.19831129458534716,0.22036927165658432,0.2963456622538231,0.25360236259659397
66,Conflict-aware,0.3128607925192507,0.20071713617724832,0.2249171899398879,0.2865503155145909,0.25196969957087734
67,Conflict-aware,0.305488604493106,0.2135764747851076,0.22197070343397904,0.2856691915758412,0.25307160773247184
68,Conflict-aware,0.31245220277998725,0.21514835470977456,0.22069944238267328,0.2829946648808987,0.25443135067977724
69,Conflict-aware,0.3086820810918851,0.2058020085394138,0.2176811711526225,0.28186246153147415,0.24970390792924585
70,Conflict-aware,0.31385243465418194,0.2075627888261829,0.21878317846938755,0.28366524351396216,0.2521607886315397
71,Conflict-aware,0.3001544546663704,0.19590950902673807,0.22159238734272438,0.27543129629250396,0.24429582246879591
72,Conflict-aware,0.31569724626827783,0.1971280052719904,0.20791583468271926,0.276006087446507,0.2452428893086478
73,Conflict-aware,0.30687741884996,0.19788484551336605,0.20984953151997907,0.2826782720588051,0.2450828456582556
74,Conflict-aware,0.30191517297710085,0.1883145927172555,0.20409908302171592,0.27800322998132476,0.2385985878111458
75,Conflict-aware,0.29732116277853066,0.18749327006646507,0.21805055424464362,0.2788516454312045,0.24086123936197398
76,Conflict-aware,0.2950477322098944,0.19266293828745765,0.21536682676368488,0.2660807210002529,0.23861866542968269
77,Conflict-aware,0.2912017004711124,0.18882112996097472,0.21157875996332678,0.27020914281454445,0.2363832826598111
78,Conflict-aware,0.29294510639628496,0.18304063909705257,0.20076898331557003,0.26996382588828916,0.23233347933473733
79,Conflict-aware,0.2944942417959046,0.19043595575596184,0.20658032346274557,0.2715271987114841,0.2367048677837479
80,Conflict-aware,0.2916578731099983,0.18524743938419833,0.20350563470538666,0.2670676566532082,0.23277864009974736
81,Conflict-aware,0.28251651341326983,0.19168097438813075,0.20405548785406255,0.27331058351677845,0.23380940933662803
82,Conflict-aware,0.2877069585458439,0.18426269936087827,0.2016924888917185,0.26700935598207515,0.23103054286406913
83,Conflict-aware,0.28225824816997575,0.1812479009912798,0.20422369393333825,0.26605274084947195,0.22920540399310685
84,Conflict-aware,0.2869088183165107,0.18258657196888928,0.1986496223336074,0.2647129163822215,0.2291081650296406
85,Conflict-aware,0.29548621109231527,0.1795740875842955,0.20390552666800135,0.26687324558583664,0.23209480983253514
86,Conflict-aware,0.28641364060762226,0.17539765490578987,0.19985738119442592,0.25967376098712824,0.22612180411967464
87,Conflict-aware,0.2791662558978595,0.17580845218696145,0.19621155955002606,0.26635274976373463,0.22485753947080678
88,Conflict-aware,0.26969325220955287,0.18154510433979218,0.19615292897553552,0.26176027763482573,0.2232771321251749
89,Conflict-aware,0.2693677255059289,0.17977006693974837,0.19355315790075037,0.25895957856657664,0.22145315664690968
90,Conflict-aware,0.26616503725143215,0.18246451851112258,0.19887798063844406,0.2571376097592342,0.2224276319776527
91,Conflict-aware,0.2790861224989347,0.16345901676480554,0.19251219297471706,0.2582800241034816,0.21859328871855094
92,Conflict-aware,0.26860030329262324,0.1701417461274416,0.19441333587011922,0.2595150023736987,0.21869893410365782
93,Conflict-aware,0.2720420478215889,0.16890946810881408,0.19005456753301742,0.25793510694353794,0.21778401566000338
94,Conflict-aware,0.2664252548165611,0.17133734654552452,0.18367705108877816,0.2538659998185502,0.21469998040370222
95,Conflict-aware,0.2692104286671513,0.16651656353934954,0.1947272418458626,0.25515924984268123,0.21697123665859455
96,Conflict-aware,0.2755940881541698,0.16508605385905736,0.18400836259713074,0.25016605372866463,0.2144596395912753
97,Conflict-aware,0.2616098442542423,0.17181134219827573,0.1918051186183953,0.2546448933323394,0.21582612204411
98,Conflict-aware,0.26222385436310913,0.16714290299553233,0.18962836747912465,0.24706708586250786,0.21251934353171975
99,Conflict-aware,0.2579960165608929,0.15804947387377416,0.17837362600715917,0.23565151894554132,0.2036375565932535
100,Conflict-aware,0.26666030660741846,0.1720402230504351,0.18106440400778645,0.25155307086615397,0.21385385874216256
1,Full framework,0.427562554990394,0.2932265618971687,0.27248167479633084,0.35431531013436673,0.33384208804270515
2,Full framework,0.41683511805470125,0.3010010978180125,0.27851083903408697,0.3602144051738109,0.336179699652363
3,Full framework,0.41964877315664084,0.3007044015195526,0.2655882682472073,0.3587786679053878,0.3332763143879054
4,Full framework,0.4125417246781585,0.2982902363702405,0.26938514358126164,0.3567456311053237,0.3313179141969919
5,Full framework,0.42748237789501764,0.28454419010462423,0.2753833093433116,0.34585678730606356,0.3302510363021823
6,Full framework,0.4149331150966172,0.2874402225413894,0.2703893452358119,0.3475247408755303,0.32706763002063016
7,Full framework,0.39962981712297946,0.28771711297217467,0.26594443634671683,0.3509934710302377,0.32290739146512404
8,Full framework,0.40944305465807024,0.2892056591783319,0.27155456809981354,0.3406011292337455,0.3251313292897196
9,Full framework,0.40092622770515324,0.27809644420956414,0.26002363132000184,0.33819137705596614,0.31630467343035124
10,Full framework,0.4120002996065484,0.2725762512336072,0.2650704282806772,0.3441514099454222,0.31987083933097304
11,Full framework,0.3913924023414007,0.28319216818782206,0.25960168701779435,0.3459095714187886,0.3168880870799031
12,Full framework,0.3814631583623908,0.2814556651892593,0.25631239103770065,0.3304402704584537,0.3099686409984914
13,Full framework,0.39260479866374154,0.27472125316977325,0.26133816550080025,0.32133073525325717,0.31016826404271886
14,Full framework,0.38741288887633146,0.2665518898638624,0.25254242371819613,0.32519992471380454,0.3049943800505515
15,Full framework,0.38431995828237586,0.27037636750006905,0.2655160554644511,0.32553705130416777,0.30867932394756104
16,Full framework,0.3713171396126178,0.2663499096302237,0.25159508790390894,0.32807349508523664,0.30124772878524614
17,Full framework,0.3840969492520636,0.26850480557428924,0.26299374705903955,0.3300183304846767,0.30832778184699794
18,Full framework,0.38897383642454997,0.2537957651260675,0.2461139749160284,0.32439830855884494,0.2997903440847338
19,Full framework,0.3649030370370098,0.25982552309581103,0.2531658560512534,0.3198352554117544,0.29643193128316
20,Full framework,0.3808338755787116,0.25603688564797783,0.24270346170993207,0.3223242335611862,0.29716024672879154
21,Full framework,0.3678688151102337,0.2482219637776284,0.2405738497325954,0.3149826382520634,0.2895737829944085
22,Full framework,0.3828748590005018,0.254087935919209,0.24666879881155626,0.3178060739588205,0.29717351002054126
23,Full framework,0.3689214643023266,0.25094241643655296,0.24786152764869562,0.31309546668526933,0.2920975662557753
24,Full framework,0.36272757070255646,0.24623420625111828,0.236718392589007,0.3279815017426872,0.2893280530467638
25,Full framework,0.3680605333474648,0.24906027215270216,0.24763881690031692,0.3169539305007326,0.2920337053079026
26,Full framework,0.3621821623036039,0.23618306178699355,0.23637074994527874,0.3069987574209243,0.28189289808250356
27,Full framework,0.35309290738852944,0.24240945377643539,0.23966770106692048,0.30450650744013513,0.28181428973482014
28,Full framework,0.3585542615110087,0.24337868380328687,0.23957539453185597,0.3056310438704891,0.28367222792580005
29,Full framework,0.3488975307272846,0.24057635429699056,0.23932678313417277,0.29794161646474243,0.27881730804741
30,Full framework,0.33892272060847084,0.2434357400577297,0.22605304292643247,0.3008707715704122,0.2744488172151272
31,Full framework,0.35955810958901413,0.22789802912285795,0.24183539469977522,0.2992024496668706,0.27855827474242884
32,Full framework,0.3430087028883934,0.22420728856760164,0.23526366803372295,0.30569654033251187,0.27296958736731197
33,Full framework,0.33921227335989135,0.2328609130382615,0.2290503949444339,0.2975401187298078,0.2714319647335213
34,Full framework,0.3426811324371388,0.23235116289965638,0.22479268818270903,0.2941293789779,0.2703996798204389
35,Full framework,0.3290955166656789,0.240554477217449,0.22018952846470535,0.28980144358666254,0.26744789316516326
36,Full framework,0.3281581891928261,0.2297717846113999,0.22061042997171684,0.28905482123625215,0.26393465442180614
37,Full framework,0.3311297622971674,0.21908602990193177,0.22891102928493565,0.2930529510352635,0.264346597073158
38,Full framework,0.3288787060165131,0.22744429175658418,0.2232607924684271,0.2907681797614463,0.2644217981004996
39,Full framework,0.33031896672934785,0.21583326193646976,0.2180993334837257,0.2959864554777696,0.2610518447297632
40,Full framework,0.33453456054980435,0.2103112474824443,0.2199238271258918,0.2856530965860573,0.2588385904808688
41,Full framework,0.3228874157034488,0.23322013759056714,0.22919139068799163,0.29259030655608326,0.2665038041862469
42,Full framework,0.32664130497916677,0.2178795634189541,0.2185404206245386,0.2870876390730919,0.25907682824123096
43,Full framework,0.3252670893696492,0.21859296714257379,0.21610506680866592,0.2842983428567793,0.25778059775870676
44,Full framework,0.3131468382461865,0.21608255697907738,0.2246243025690354,0.2728113104053971,0.25382981437860813
45,Full framework,0.31903546134022653,0.2219908174286848,0.2190350525247293,0.27494555385350744,0.2561039844655459
46,Full framework,0.31004192583120926,0.21125897847420497,0.21581158488595328,0.2836576115166161,0.2515725935248753
47,Full framework,0.3201340956349239,0.21531516621137994,0.211426030824049,0.2855057059027233,0.25458572265870183
48,Full framework,0.3145533907283386,0.20031834706929685,0.20558772766195033,0.27812641509254965,0.24575606673687123
49,Full framework,0.31001320688333645,0.1966203700137655,0.2063919016414172,0.2794957062042036,0.24398652937615878
50,Full framework,0.29998630658840963,0.21204196018264151,0.2087470407959368,0.2722446012596633,0.2452448451528117
51,Full framework,0.30684956949351433,0.2108588403061002,0.2089657680288939,0.2710377538566193,0.24641903724375597
52,Full framework,0.2996992047893002,0.20361867036705897,0.21076938091507283,0.26820205720712964,0.24234315897763686
53,Full framework,0.3067033164430037,0.20047270800678405,0.21068090420247718,0.2750237031451824,0.24449260819244192
54,Full framework,0.2999359992217438,0.1986925150159797,0.2079801511870549,0.27050842486350596,0.24068847707969476
55,Full framework,0.29398037384062614,0.19216258169002626,0.20692051491201527,0.266278622899454,0.23612972127505902
56,Full framework,0.3026279171781996,0.2041362186573107,0.199743159284573,0.26447326152468587,0.23972828701782353
57,Full framework,0.299642096403137,0.19748706357403994,0.19297861568920105,0.26757412557776533,0.23591612221084957
58,Full framework,0.29000871116159394,0.19521494784003698,0.2001288329476009,0.26509410188365795,0.23411769075604139
59,Full framework,0.29881362526376803,0.19309815730986132,0.19695241907771652,0.2580157035320702,0.23347409898474358
60,Full framework,0.28834123913804216,0.19580673451913486,0.19745903318835134,0.2694636112568382,0.23408481068870649
61,Full framework,0.2865838597267179,0.19124291223848328,0.19835736938900797,0.26088689159272554,0.23078555926902153
62,Full framework,0.2875055819439586,0.19139424474692968,0.19252896340360529,0.2583824222003227,0.2291033942010344
63,Full framework,0.2805876558007804,0.17863310353538242,0.19222011475247563,0.2644548679123377,0.22468284728139626
64,Full framework,0.28081081204307007,0.18744670273640332,0.196305479265156,0.2609369898279257,0.22770048161356266
65,Full framework,0.28087131512380525,0.19626456161002626,0.1964289663575616,0.2541355081793524,0.22903154048922006
66,Full framework,0.2894056117503738,0.17879991484323118,0.1916217454287417,0.2560235988853173,0.2251015335248117
67,Full framework,0.2876275575655931,0.17992245536304946,0.19645328233418208,0.24677192590138902,0.2243513317641364
68,Full framework,0.2754980464297898,0.18484596684143736,0.1919331245678928,0.24770548332008444,0.22185267946586873
69,Full framework,0.2851512078536495,0.1840513269478834,0.1870077193498001,0.23840557937676835,0.2209362457605811
70,Full framework,0.2736817236758822,0.18088143032349763,0.19139609553093656,0.25461619171977007,0.221457122242708
71,Full framework,0.2746931852797682,0.1662706135987429,0.19969786416315813,0.2378389242752018,0.21604673129539484
72,Full framework,0.27619466635023476,0.17784176497288864,0.18601264248787353,0.2495634119209078,0.21881703908557523
73,Full framework,0.271144073885164,0.16659816026542457,0.19432749990593862,0.24083905959176405,0.21451515344575584
74,Full framework,0.2823964070366121,0.16763431286653518,0.19450318659657279,0.2389422745619393,0.21730364718064465
75,Full framework,0.2678937092351376,0.17476649615906548,0.19423052792098483,0.24171587100751063,0.21630418233825238
76,Full framework,0.2577910569000069,0.16861205078059646,0.1817598285953682,0.24288611204095423,0.20904855901621355
77,Full framework,0.2713668770235658,0.17416657096411015,0.19509085283905217,0.2434866688035379,0.21756173751559513
78,Full framework,0.259633482543547,0.18713236399854374,0.18474444117296815,0.24816536741851064,0.21686726361239406
79,Full framework,0.2588661565494413,0.17185401818966184,0.1820500872771539,0.2399902675773249,0.20978331992901234
80,Full framework,0.24134194157530625,0.17048801526248705,0.18133118905738102,0.24150200706650635,0.2051150886502192
81,Full framework,0.2639119159270318,0.15974890180607318,0.1846621843206919,0.23301119235741966,0.2066704340752368
82,Full framework,0.2614445077764785,0.16025010627213906,0.18108876632434664,0.23848855540410485,0.20640606148766896
83,Full framework,0.25996939559988796,0.15672265750811062,0.1791348148298743,0.23461123896392813,0.20371509765265938
84,Full framework,0.25970069764217124,0.158917757933104,0.1856307039978622,0.23046248665553268,0.2051006751210461
85,Full framework,0.26264463012280914,0.15458334920336206,0.17479963352959668,0.23124052143621712,0.2019841749613535
86,Full framework,0.250904234424237,0.15620793343948908,0.1724055762438709,0.23036058299499218,0.1987619492978721
87,Full framework,0.25550067925578446,0.15795749858603858,0.18080176776363732,0.2305852582403529,0.2025799129787376
88,Full framework,0.24411966374951274,0.15226154879851347,0.17957620933151805,0.23060371768606058,0.19772317644702386
89,Full framework,0.24518047625124173,0.1488168421030597,0.18075706102880154,0.2250276399881685,0.19613496494856242
90,Full framework,0.25237715544556266,0.1482402121226457,0.16916203378390315,0.22285171932689368,0.1944272048095389
91,Full framework,0.24712925242362094,0.158221091532817,0.1791726955208151,0.22928453878288346,0.1998987222025308
92,Full framework,0.23554041158073086,0.15495548741476972,0.17542533556286624,0.21606405517891236,0.19244089404611267
93,Full framework,0.24447962649248256,0.15986283566271928,0.1810843211094614,0.2204633773842615,0.19844251307615407
94,Full framework,0.23999716031597965,0.15909462843312397,0.16529288465357203,0.23033300655256936,0.19511750108283898
95,Full framework,0.23497771952401103,0.14991544637696294,0.1718950080482318,0.2080572825631588,0.18830427231878136
96,Full framework,0.2413025169541693,0.15512119040209627,0.16869199771004414,0.2171591453751002,0.19246681486170228
97,Full framework,0.23508870762712059,0.14160969337995102,0.1614135202089857,0.22310185689488887,0.18622883635198967
98,Full framework,0.22692350251286186,0.16311296211216234,0.16507685353160886,0.2104581668800232,0.189025611020771
99,Full framework,0.22852184254480495,0.15575924676984704,0.17358192818472384,0.23075459392869163,0.19340463549907463
100,Full framework,0.24465764722240924,0.14647849730919782,0.1649034319613296,0.20388351277014682,0.18711052154272342
