round,method,legal_accuracy,client_drift
1,FedAvg,0.5199226022905532,0.37101932530500964
2,FedAvg,0.5236969092788177,0.3692175977181309
3,FedAvg,0.5335395135918571,0.3580540043479069
4,FedAvg,0.5362432730443774,0.35673079533654917
5,FedAvg,0.5437708903756017,0.35055419710807517
6,FedAvg,0.554199554213781,0.3459696170570249
7,FedAvg,0.5490126724106928,0.34273177194875765
8,FedAvg,0.5535395267295881,0.33678765281060785
9,FedAvg,0.5597968250691808,0.3264653743404755
10,FedAvg,0.5642992668650236,0.3204056705798257
11,FedAvg,0.5658054395526175,0.3205327855355078
12,FedAvg,0.5691104201360572,0.31207210189344425
13,FedAvg,0.5751124335128686,0.30936600665514635
14,FedAvg,0.5777288957543615,0.3064430079877205
15,FedAvg,0.5761234446705907,0.2969312395524863
16,FedAvg,0.5819371417860744,0.29153522765862233
17,FedAvg,0.5851292884951491,0.291889767751285
18,FedAvg,0.5846107349878525,0.2871541290037305
19,FedAvg,0.5912098557845615,0.28234474984524427
20,FedAvg,0.5904212615187161,0.2787598652952673
21,FedAvg,0.5983879085723915,0.2728822995590785
22,FedAvg,0.5984413428326871,0.2675696504093769
23,FedAvg,0.6004401701062005,0.26632811321317734
24,FedAvg,0.6006288890442147,0.2608529894202551
25,FedAvg,0.6041991776749833,0.2557133759423146
26,FedAvg,0.6006407486364016,0.25628335045276324
27,FedAvg,0.6052472398076767,0.2514873506959234
28,FedAvg,0.6116684100641133,0.24882668812046574
29,FedAvg,0.6060659465488225,0.24250268240748188
30,FedAvg,0.6167988519433261,0.23969580958335665
31,FedAvg,0.6107659516191449,0.23560638552467836
32,FedAvg,0.6199596452876521,0.23248451774706458
33,FedAvg,0.6167801660503671,0.23136164835832607
34,FedAvg,0.6232248899633553,0.22617655046469126
35,FedAvg,0.6227979870758422,0.22528388957434575
36,FedAvg,0.6192596613366589,0.22213708892332285
37,FedAvg,0.6290322559206158,0.22244927287692634
38,FedAvg,0.6309759185780934,0.21260930937537484
39,FedAvg,0.6277723872637282,0.21422021817715028
40,FedAvg,0.6284216914119501,0.20936759686310277
41,FedAvg,0.6299936713199585,0.20667236717732845
42,FedAvg,0.6287353476795888,0.20100532515354877
43,FedAvg,0.6361032526736381,0.20023915791516653
44,FedAvg,0.6322860644978977,0.19994940982587073
45,FedAvg,0.6348303336231579,0.19564963162904053
46,FedAvg,0.633636406749495,0.19337551539022269
47,FedAvg,0.635134959095744,0.19007719396112294
48,FedAvg,0.634142598019332,0.1904585621149678
49,FedAvg,0.642676468437742,0.18564203440705285
50,FedAvg,0.6393405154800674,0.1788636682366767
51,FedAvg,0.6435671910111596,0.1795030533848677
52,FedAvg,0.6415462399053271,0.17461471277315505
53,FedAvg,0.6402311127290229,0.1697561887295489
54,FedAvg,0.6421145319387196,0.17294650347599166
55,FedAvg,0.6421673221043385,0.17446170175743153
56,FedAvg,0.6445994062640032,0.16971613226123414
57,FedAvg,0.644152219626776,0.16514286996552693
58,FedAvg,0.6450565842856432,0.163510697702579
59,FedAvg,0.642475623815233,0.16559484800716204
60,FedAvg,0.6448232801204543,0.16162711998597146
61,FedAvg,0.6528167070417892,0.15942217643340134
62,FedAvg,0.6464305458991736,0.15726898822175547
63,FedAvg,0.6458513924679792,0.15553723690645427
64,FedAvg,0.6505754958627334,0.15518994236510922
65,FedAvg,0.6543162648755532,0.15283652089839891
66,FedAvg,0.6462450456164078,0.15034801279531906
67,FedAvg,0.650476590146324,0.14604845762525334
68,FedAvg,0.6496840085991955,0.14740579915286958
69,FedAvg,0.6467586774333637,0.14329570387330048
70,FedAvg,0.6546922100853665,0.1451631778156146
71,FedAvg,0.6528474628400835,0.13877479812586618
72,FedAvg,0.6535476825541956,0.13941265859663815
73,FedAvg,0.6514776919329044,0.13807324442085786
74,FedAvg,0.6554864466766184,0.13386727160636688
75,FedAvg,0.6528783431815716,0.1384171398327552
76,FedAvg,0.6544287982215348,0.13637817597598256
77,FedAvg,0.6518815722661929,0.13104140173019047
78,FedAvg,0.651894894717497,0.13204977692998973
79,FedAvg,0.6598750611604379,0.12982753684034024
80,FedAvg,0.654661226805728,0.12243253530800495
81,FedAvg,0.657360854823156,0.12677508220829237
82,FedAvg,0.6566772843416201,0.124790943493088
83,FedAvg,0.6557379897544975,0.12374368450872789
84,FedAvg,0.6558105864219276,0.12011095778374534
85,FedAvg,0.6594883698437344,0.12043688575002819
86,FedAvg,0.6569471037661313,0.11935293124354376
87,FedAvg,0.6576442038172943,0.12084209260379876
88,FedAvg,0.658402572457472,0.11791339724111902
89,FedAvg,0.6620946414243701,0.1160338598311271
90,FedAvg,0.6608279745281787,0.11792473580656226
91,FedAvg,0.6601479551620433,0.11259914327972456
92,FedAvg,0.6575158023721455,0.11179426433843165
93,FedAvg,0.6552598748437913,0.10782337497431366
94,FedAvg,0.6624467816327546,0.11349876930673802
95,FedAvg,0.6626833261834154,0.11121245231644555
96,FedAvg,0.6595412622556429,0.1100599221007621
97,FedAvg,0.661762271169849,0.10852532714291088
98,FedAvg,0.6626482227495847,0.10638766092370558
99,FedAvg,0.6629589675711768,0.10559637384231604
100,FedAvg,0.6633855298235033,0.10367728906987432
1,FedProx,0.5251686928846953,0.35755139525676305
2,FedProx,0.5315063988184369,0.3539011661220238
3,FedProx,0.5412355053729181,0.3503708367458329
4,FedProx,0.5435238801905501,0.3454523065802129
5,FedProx,0.5466459538615023,0.3386573931017534
6,FedProx,0.5498625635741745,0.3363070973350334
7,FedProx,0.5542969397751071,0.3295988246924077
8,FedProx,0.5654396807336759,0.3217710226077592
9,FedProx,0.5664160901827588,0.31744485388575916
10,FedProx,0.5692041332470168,0.3161131757345587
11,FedProx,0.5719153090676936,0.31071144973989195
12,FedProx,0.5734316950146233,0.301351389781922
13,FedProx,0.580221393948535,0.30329333297465966
14,FedProx,0.5865694889979095,0.29732355445068737
15,FedProx,0.5861659452610594,0.2944235258487299
16,FedProx,0.5899302802239197,0.28665710244687953
17,FedProx,0.5930954849653911,0.2825976837184337
18,FedProx,0.5971166244542941,0.27677632925078083
19,FedProx,0.594925110096661,0.2800174572981699
20,FedProx,0.6018055087575688,0.2705799281383455
21,FedProx,0.6026513926436055,0.27016472492835614
22,FedProx,0.6104704274061297,0.2618242021440645
23,FedProx,0.6080099449895083,0.2596446502855385
24,FedProx,0.6144645433267764,0.25224026431048985
25,FedProx,0.6196284537227326,0.25114984704936133
26,FedProx,0.6163495200679161,0.25028112564169275
27,FedProx,0.6176374047603856,0.2422724180181351
28,FedProx,0.6220880197456539,0.24344575966089305
29,FedProx,0.62350198185864,0.2385631624206634
30,FedProx,0.6224472025764538,0.23244904473512826
31,FedProx,0.6286592020350535,0.23024180342341585
32,FedProx,0.6351024630097019,0.22709364295891626
33,FedProx,0.6299946986821933,0.224737189354643
34,FedProx,0.6318096486985704,0.2206450422842085
35,FedProx,0.6308712284278201,0.2169994945172417
36,FedProx,0.6364918346412152,0.2150362804107623
37,FedProx,0.633265190459814,0.2106367324122814
38,FedProx,0.635102006142508,0.20720922796700506
39,FedProx,0.6436256572787776,0.20684147017099158
40,FedProx,0.6383832983442228,0.20590396283843349
41,FedProx,0.6456077743041714,0.19832980435828484
42,FedProx,0.6481536871952016,0.19869494866648102
43,FedProx,0.6455301290896592,0.1947355807598059
44,FedProx,0.6475401773071894,0.19147607983830722
45,FedProx,0.6528225549754064,0.19257859627602728
46,FedProx,0.6474209297306606,0.18732237552039172
47,FedProx,0.6472384336986629,0.18888714162668008
48,FedProx,0.6459265707321624,0.18190671261741448
49,FedProx,0.6510440738230544,0.18185849269648846
50,FedProx,0.6562542966532464,0.178292492904742
51,FedProx,0.6555600811262895,0.17494230068160407
52,FedProx,0.6506872201310678,0.17536995078476542
53,FedProx,0.6517485363284822,0.1716691320903062
54,FedProx,0.6535734441947516,0.17100953722931828
55,FedProx,0.6567052981957806,0.16757136914254717
56,FedProx,0.6559274087463381,0.16339528053332014
57,FedProx,0.6578748993234574,0.1633011801353036
58,FedProx,0.6587842893332544,0.16158441125466075
59,FedProx,0.6576355802173922,0.16140872977487652
60,FedProx,0.6590254261342829,0.15572604510622706
61,FedProx,0.6603568760663031,0.15554154610983492
62,FedProx,0.6600542985182508,0.1502922929220416
63,FedProx,0.662364658528508,0.15318849245713717
64,FedProx,0.666994182414584,0.14790500813647517
65,FedProx,0.66366526370907,0.14467014569190306
66,FedProx,0.6625456361927647,0.14641116622179617
67,FedProx,0.6577904783163248,0.1470189813987613
68,FedProx,0.6644657866823883,0.14006744767160773
69,FedProx,0.6578980673600733,0.1392791709931091
70,FedProx,0.6599309233711101,0.13833722527615405
71,FedProx,0.6671262087261908,0.13596241834885703
72,FedProx,0.6670701876228019,0.13740648851063172
73,FedProx,0.6648763451154716,0.1334871935273026
74,FedProx,0.6605568377572556,0.1321407683971871
75,FedProx,0.6649200847137275,0.13325936000189695
76,FedProx,0.6643322262245451,0.12911727004591717
77,FedProx,0.6686008088615363,0.13005553388105792
78,FedProx,0.6737733229942883,0.1258345359636098
79,FedProx,0.6679492144343321,0.12396556242846753
80,FedProx,0.6652476587443029,0.12135622500429004
81,FedProx,0.6643503990020548,0.12741112272665428
82,FedProx,0.6679599237802542,0.12173366844772117
83,FedProx,0.6678540560078663,0.12157097247659843
84,FedProx,0.6651765530510779,0.11975295749956012
85,FedProx,0.6692176533948748,0.11888955149741677
86,FedProx,0.6656444694571712,0.11744578956735173
87,FedProx,0.6726536295151416,0.11996146014034312
88,FedProx,0.6727171504010071,0.11288721390044515
89,FedProx,0.6729874424753162,0.11069123314064006
90,FedProx,0.6685074211726264,0.11064400203950928
91,FedProx,0.6716621956011567,0.10888057233535335
92,FedProx,0.6699044371814291,0.1119459261735469
93,FedProx,0.6693094346145456,0.11101435717888111
94,FedProx,0.6696271253002696,0.10639180592677962
95,FedProx,0.6669078179166132,0.10449329610916268
96,FedProx,0.6666317186390621,0.10554286233217722
97,FedProx,0.6734967704081982,0.1080312176583116
98,FedProx,0.6706850238221304,0.09862424648063321
99,FedProx,0.6720475055416401,0.10434863607947631
100,FedProx,0.6745376615276567,0.10019313748193857
1,SCAFFOLD,0.5301132387423015,0.35082914440778334
2,SCAFFOLD,0.5304629146411985,0.3427460103937416
3,SCAFFOLD,0.5392692285651718,0.336214224990241
4,SCAFFOLD,0.5417710108016893,0.3354902283929961
5,SCAFFOLD,0.5492689046335739,0.32914647038945544
6,SCAFFOLD,0.5620259120174176,0.32489191816213353
7,SCAFFOLD,0.5657647325123112,0.3159869455672498
8,SCAFFOLD,0.5673090675548182,0.31384658385752845
9,SCAFFOLD,0.5709002977761892,0.30865732049316363
10,SCAFFOLD,0.5726206192219049,0.3034930292573042
11,SCAFFOLD,0.581715232074172,0.2961585362236345
12,SCAFFOLD,0.5872086951567441,0.2955271508304002
13,SCAFFOLD,0.5912732575917636,0.29359960787776074
14,SCAFFOLD,0.5952943259374084,0.28825344318701657
15,SCAFFOLD,0.5960939649471467,0.2820529522724846
16,SCAFFOLD,0.6029845271716512,0.27906406790751753
17,SCAFFOLD,0.6066381166018194,0.27652062277206213
18,SCAFFOLD,0.6140497434761336,0.26547229389075455
19,SCAFFOLD,0.6190613517415828,0.26680176723419086
20,SCAFFOLD,0.6161982439363031,0.26426527770495567
21,SCAFFOLD,0.6173288724183558,0.26074024356503983
22,SCAFFOLD,0.622327268310314,0.25904239528377704
23,SCAFFOLD,0.6234747269897248,0.25424260424499956
24,SCAFFOLD,0.6257315136554973,0.24899465743439864
25,SCAFFOLD,0.6303346321953371,0.2454347761188838
26,SCAFFOLD,0.6298274821468218,0.24292913403579794
27,SCAFFOLD,0.6371218905360021,0.23686300935631574
28,SCAFFOLD,0.6372414997911658,0.23450860198496115
29,SCAFFOLD,0.6404604178415342,0.2331085792937563
30,SCAFFOLD,0.641229995387127,0.23197685643295368
31,SCAFFOLD,0.6415804000530255,0.22456698974195224
32,SCAFFOLD,0.6428200570809625,0.22166894576481377
33,SCAFFOLD,0.6467756597979704,0.2190985839258041
34,SCAFFOLD,0.6475897557534113,0.2183785681228443
35,SCAFFOLD,0.6516143715178857,0.21267575703381805
36,SCAFFOLD,0.6525070429704743,0.21277205263203977
37,SCAFFOLD,0.6499749645551349,0.2050487584409753
38,SCAFFOLD,0.6557413912612207,0.20380960216599997
39,SCAFFOLD,0.652928792347542,0.20103490253716133
40,SCAFFOLD,0.6564669911967425,0.20030286743596154
41,SCAFFOLD,0.6587365156757602,0.19816718965340527
42,SCAFFOLD,0.6546433101543953,0.19045192321350776
43,SCAFFOLD,0.6623418114074118,0.18908120550657875
44,SCAFFOLD,0.6636691176429849,0.18907143108372332
45,SCAFFOLD,0.663843719917543,0.18461146627634928
46,SCAFFOLD,0.6641011555103499,0.18045916759645061
47,SCAFFOLD,0.6652661647166477,0.18319940914282357
48,SCAFFOLD,0.6644285661620698,0.17977130023872656
49,SCAFFOLD,0.667480346295676,0.17747235287105526
50,SCAFFOLD,0.6675245717864485,0.17327872682117978
51,SCAFFOLD,0.6703136955349956,0.17407136701823153
52,SCAFFOLD,0.6672472462316198,0.16935697541905007
53,SCAFFOLD,0.6723536708376109,0.16989199946801553
54,SCAFFOLD,0.6728314247755074,0.16377616765836045
55,SCAFFOLD,0.672700898738324,0.16182905136136858
56,SCAFFOLD,0.6725020210653421,0.16192126006006846
57,SCAFFOLD,0.6761421571528903,0.1581180115714318
58,SCAFFOLD,0.6701294620551196,0.15891980652301074
59,SCAFFOLD,0.6771165104753727,0.15617016167582437
60,SCAFFOLD,0.6770509792511505,0.15191935706689413
61,SCAFFOLD,0.6777345803478955,0.15205996488435203
62,SCAFFOLD,0.6785738346365288,0.14939363358919708
63,SCAFFOLD,0.6759802215211751,0.15014224194791165
64,SCAFFOLD,0.6776587575175964,0.14529171113393494
65,SCAFFOLD,0.6808238957500673,0.14395599697350797
66,SCAFFOLD,0.6806606607168103,0.14556507019617393
67,SCAFFOLD,0.6804261472147242,0.1459582154009229
68,SCAFFOLD,0.6756823292730658,0.1438471188414687
69,SCAFFOLD,0.6822409873198682,0.13837273232180766
70,SCAFFOLD,0.6845212390904598,0.13710977306684408
71,SCAFFOLD,0.6844114850275537,0.138192840838333
72,SCAFFOLD,0.6824385455719987,0.13335849530624655
73,SCAFFOLD,0.6774037382610891,0.130163197567068
74,SCAFFOLD,0.6852302925355822,0.13088478422743247
75,SCAFFOLD,0.6822733745224439,0.1301153354250867
76,SCAFFOLD,0.6754172074431684,0.12614093693860912
77,SCAFFOLD,0.6844336927879308,0.12311891583458602
78,SCAFFOLD,0.6791010425361823,0.12217481898677887
79,SCAFFOLD,0.6799523925982689,0.12504035278114106
80,SCAFFOLD,0.6821901293022729,0.12087783989802464
81,SCAFFOLD,0.6881556532128287,0.12082045394518226
82,SCAFFOLD,0.6834582278678653,0.12025985873988748
83,SCAFFOLD,0.685607044364477,0.11982724343781374
84,SCAFFOLD,0.6902520945521478,0.11669559981421682
85,SCAFFOLD,0.6899955941623164,0.1171611075252967
86,SCAFFOLD,0.6851003142216735,0.11320326386265592
87,SCAFFOLD,0.6848745837081479,0.11310071990314527
88,SCAFFOLD,0.6819975429309009,0.11063675986880617
89,SCAFFOLD,0.6838703437682867,0.11383087924686423
90,SCAFFOLD,0.6873962175005724,0.11041488048608163
91,SCAFFOLD,0.687466914135224,0.10791172659522842
92,SCAFFOLD,0.6867634523999662,0.1076261355928533
93,SCAFFOLD,0.6895638649600256,0.1068468595611729
94,SCAFFOLD,0.6844030435095158,0.10766935600263974
95,SCAFFOLD,0.6866868190390802,0.10207327538775017
96,SCAFFOLD,0.6891781301063011,0.1022042735819293
97,SCAFFOLD,0.688860871102284,0.10255419505198561
98,SCAFFOLD,0.6904402014802193,0.10742401854961704
99,SCAFFOLD,0.6885324644940961,0.10333672690400172
100,SCAFFOLD,0.6865225442737283,0.10028509026500067
1,FedLoRA,0.5484096884828608,0.32698849449225476
2,FedLoRA,0.5584736930870294,0.3193600041868442
3,FedLoRA,0.5573914983449286,0.31983294244841465
4,FedLoRA,0.5625577537331136,0.3134275673424282
5,FedLoRA,0.5726389101371886,0.30966084371688635
6,FedLoRA,0.5756220687237503,0.3045392620780232
7,FedLoRA,0.5810886008330517,0.30105418272359796
8,FedLoRA,0.5822914868703677,0.2954108994441391
9,FedLoRA,0.5941443972256633,0.29343074625335575
10,FedLoRA,0.5978775650390786,0.28750985881314817
11,FedLoRA,0.5986520159933156,0.2832222603024956
12,FedLoRA,0.6030475268254591,0.2791114026995177
13,FedLoRA,0.5987949297080398,0.271305905685278
14,FedLoRA,0.6105196791646812,0.26989007094926065
15,FedLoRA,0.6116078124632798,0.2657722237496761
16,FedLoRA,0.6169349292705969,0.262847544576716
17,FedLoRA,0.620988659457044,0.2559254871839691
18,FedLoRA,0.6210957637420798,0.2581891315614079
19,FedLoRA,0.6201019262778532,0.2514741019959133
20,FedLoRA,0.6292109894364672,0.24525232397215743
21,FedLoRA,0.628702165294026,0.24073086792817225
22,FedLoRA,0.6326441518527739,0.2401226559281515
23,FedLoRA,0.6344234238941951,0.2371042520328223
24,FedLoRA,0.6377124154782164,0.23250607255550965
25,FedLoRA,0.6342107265407715,0.23084553728201695
26,FedLoRA,0.6470980922682897,0.22615614683516172
27,FedLoRA,0.6464247542037892,0.22537649524224573
28,FedLoRA,0.6511294306490703,0.21971524150571722
29,FedLoRA,0.6557817365482129,0.21803392983465492
30,FedLoRA,0.6518767054617358,0.21706968318602138
31,FedLoRA,0.6482912163622302,0.21730991489353335
32,FedLoRA,0.6528323713763502,0.20725840642050514
33,FedLoRA,0.6536376382427739,0.20550339901345613
34,FedLoRA,0.657428651757996,0.20196215037669538
35,FedLoRA,0.6607834297035409,0.20246966692882606
36,FedLoRA,0.6560849968097907,0.19591289343427348
37,FedLoRA,0.6646053963386146,0.1945964807573134
38,FedLoRA,0.660475028127788,0.19290925948136448
39,FedLoRA,0.6672703243962776,0.18846069520062508
40,FedLoRA,0.6673680836853241,0.18599848910404027
41,FedLoRA,0.6680222995158795,0.18450166538506324
42,FedLoRA,0.6699610346658704,0.17883569058145174
43,FedLoRA,0.669730082286966,0.17777237954163988
44,FedLoRA,0.6706354074580994,0.17750636877777168
45,FedLoRA,0.6685039087119394,0.17633958003585065
46,FedLoRA,0.6745003298783446,0.17342311967418447
47,FedLoRA,0.6811221842107685,0.16803833368555043
48,FedLoRA,0.6824843712477977,0.16848972493632333
49,FedLoRA,0.6814281054422675,0.16888389149454003
50,FedLoRA,0.6804637594846965,0.16630646795048573
51,FedLoRA,0.6771659658872119,0.16298228601892145
52,FedLoRA,0.6843394184128755,0.15934674508629668
53,FedLoRA,0.6806265567748441,0.16040162500610172
54,FedLoRA,0.6813413541046207,0.1560344037825352
55,FedLoRA,0.6813978132665087,0.15294156565129824
56,FedLoRA,0.6832425249963744,0.15179760235844963
57,FedLoRA,0.6823288822207498,0.15445408092926324
58,FedLoRA,0.6840248797951828,0.15018607142196572
59,FedLoRA,0.6816389669624098,0.15028484493456595
60,FedLoRA,0.6843641363594724,0.14526005963944738
61,FedLoRA,0.6928959331759323,0.1463785880930167
62,FedLoRA,0.6863923018213628,0.1416134580444759
63,FedLoRA,0.6864104812257594,0.1408458614577059
64,FedLoRA,0.6892283643663871,0.14450720364927244
65,FedLoRA,0.690240592950817,0.13947159728982
66,FedLoRA,0.685240890293462,0.13536624862491706
67,FedLoRA,0.6884084189869057,0.13465822482638895
68,FedLoRA,0.6922148668145798,0.13396706824474683
69,FedLoRA,0.6906828299496738,0.13424928974671924
70,FedLoRA,0.6906362521104703,0.1293903746582613
71,FedLoRA,0.695313946451506,0.12545230908901198
72,FedLoRA,0.6889851196676197,0.12696754566202967
73,FedLoRA,0.6916188477172659,0.12617460160357258
74,FedLoRA,0.6901487972565986,0.1250045792949351
75,FedLoRA,0.6965049937483705,0.12608478745536794
76,FedLoRA,0.6864908364830986,0.1227744840636396
77,FedLoRA,0.6906360938497016,0.12248002092503198
78,FedLoRA,0.6913473821547653,0.11738799404506386
79,FedLoRA,0.6952025002966329,0.12008460670144214
80,FedLoRA,0.69529687379179,0.12132197128991373
81,FedLoRA,0.6979193595648783,0.11747782866461215
82,FedLoRA,0.6892573803838398,0.11526296252955057
83,FedLoRA,0.6964669719464439,0.11390864993428532
84,FedLoRA,0.6935625189759768,0.11604038767793987
85,FedLoRA,0.6926634010945733,0.1094974094394203
86,FedLoRA,0.6964883559476598,0.11003511540757878
87,FedLoRA,0.6923103954865528,0.1101028069255049
88,FedLoRA,0.6890333504871943,0.10961464118405329
89,FedLoRA,0.6943391325789625,0.1062150639253316
90,FedLoRA,0.6911348918535075,0.10668594086314531
91,FedLoRA,0.6938528775022779,0.10451520103902394
92,FedLoRA,0.6970789883176169,0.10432957569538737
93,FedLoRA,0.6970585643815319,0.10285956496749935
94,FedLoRA,0.7010352998869521,0.09989288787009756
95,FedLoRA,0.6958217122621829,0.1012030807381377
96,FedLoRA,0.691961029013142,0.10208544756274525
97,FedLoRA,0.6944275774010189,0.09749925227710085
98,FedLoRA,0.6940672721670219,0.09806926652223494
99,FedLoRA,0.6932964262379674,0.09901490240283839
100,FedLoRA,0.6983755993628488,0.09469495478262185
1,Conflict-aware,0.5480396875805931,0.31829094572220423
2,Conflict-aware,0.5514878373859529,0.3109455791926245
3,Conflict-aware,0.5649465256353875,0.3086296813422184
4,Conflict-aware,0.5750661713216466,0.3040943743356622
5,Conflict-aware,0.580502389501173,0.29795101539912855
6,Conflict-aware,0.5798205066516474,0.2983959578942793
7,Conflict-aware,0.588486753837308,0.2907372326579693
8,Conflict-aware,0.5921736439926876,0.28926774481762724
9,Conflict-aware,0.5974281027912666,0.2834272724170819
10,Conflict-aware,0.6068526523220632,0.2760545634922897
11,Conflict-aware,0.6031253086018245,0.2725585308339826
12,Conflict-aware,0.6149170798963627,0.2702112585336061
13,Conflict-aware,0.6160761325815218,0.2655486171685864
14,Conflict-aware,0.6247323323327689,0.26168221209117537
15,Conflict-aware,0.6251717676117248,0.2572364524385054
16,Conflict-aware,0.6265227039618952,0.25048481406470147
17,Conflict-aware,0.6331373578188271,0.2500099366762081
18,Conflict-aware,0.6381205819779479,0.24244854527555604
19,Conflict-aware,0.6394749128779537,0.2441162059750681
20,Conflict-aware,0.6441412641771105,0.23847088430003635
21,Conflict-aware,0.6442823579004897,0.23510413617336484
22,Conflict-aware,0.6424825350596194,0.2327687707472508
23,Conflict-aware,0.6544932460170423,0.23048449253720124
24,Conflict-aware,0.6566772076954166,0.22386520685326267
25,Conflict-aware,0.6576935347102661,0.22007935000682036
26,Conflict-aware,0.6600111564037615,0.21834799414155726
27,Conflict-aware,0.6653641197601853,0.213355481386952
28,Conflict-aware,0.663230132052818,0.2125182994465401
29,Conflict-aware,0.6647293206812824,0.21470011084454343
30,Conflict-aware,0.6684361510015361,0.20652385242436977
31,Conflict-aware,0.6746313582772212,0.20710991386466165
32,Conflict-aware,0.6688781961867899,0.20028439602038248
33,Conflict-aware,0.6785073483554418,0.20089605036647606
34,Conflict-aware,0.6748267780282662,0.19697718466660338
35,Conflict-aware,0.6751786911987409,0.19486369803636455
36,Conflict-aware,0.683924410277907,0.1935345259777492
37,Conflict-aware,0.681446851442479,0.19336923608546525
38,Conflict-aware,0.6793630559369533,0.1877512683926888
39,Conflict-aware,0.6836495599496583,0.18516017989690287
40,Conflict-aware,0.6889193829644153,0.18055804535413875
41,Conflict-aware,0.6910439711044125,0.18130771160290077
42,Conflict-aware,0.6874715125034256,0.177327305967227
43,Conflict-aware,0.6912027444590886,0.1772032976703961
44,Conflict-aware,0.6933051997425275,0.1732123794659819
45,Conflict-aware,0.6903586006682604,0.17458196276830923
46,Conflict-aware,0.6944395821502444,0.1649741148889896
47,Conflict-aware,0.6943152943418539,0.16622498329314536
48,Conflict-aware,0.6937956861011654,0.16649722952215787
49,Conflict-aware,0.6948783598858502,0.16198614098745465
50,Conflict-aware,0.6974669233619192,0.15909295012470773
51,Conflict-aware,0.6982280531950155,0.15817116634453807
52,Conflict-aware,0.6972779661061602,0.1540039220535728
53,Conflict-aware,0.698497360184309,0.15509713148349066
54,Conflict-aware,0.7038822639118352,0.15786956731765625
55,Conflict-aware,0.7019185059399417,0.1534414955524548
56,Conflict-aware,0.7046361544254653,0.14712897721069274
57,Conflict-aware,0.7062605608797514,0.14582806542240284
58,Conflict-aware,0.7050674667182081,0.14502465920416202
59,Conflict-aware,0.7107322618847133,0.14613336540439054
60,Conflict-aware,0.7020363151886418,0.1408024746294506
61,Conflict-aware,0.7075051376678915,0.13941585444284366
62,Conflict-aware,0.7046692656446355,0.14094610358181198
63,Conflict-aware,0.7117119487194954,0.13931509128982883
64,Conflict-aware,0.711744896644819,0.135275716823117
65,Conflict-aware,0.701258918822779,0.13225325162685866
66,Conflict-aware,0.7046728123802894,0.1298820962241226
67,Conflict-aware,0.7100109379413627,0.13010329979162444
68,Conflict-aware,0.7108077293762769,0.1255863235434138
69,Conflict-aware,0.7110502663066026,0.13011905846610775
70,Conflict-aware,0.7090134851961176,0.1259568680364395
71,Conflict-aware,0.7109607257010998,0.12680204645893783
72,Conflict-aware,0.7119081670135182,0.1282232112482582
73,Conflict-aware,0.7100543399733581,0.125503789527462
74,Conflict-aware,0.7136944489921107,0.11955046884402298
75,Conflict-aware,0.7041449791321054,0.1223094578154461
76,Conflict-aware,0.7131226927119775,0.12162776082845168
77,Conflict-aware,0.7084044598650487,0.11658287837765567
78,Conflict-aware,0.7146559485605042,0.11495459929528265
79,Conflict-aware,0.7113556565874882,0.11544907468581428
80,Conflict-aware,0.7096261241983887,0.11129415427554523
81,Conflict-aware,0.7136544138118165,0.11628791095980856
82,Conflict-aware,0.7100288175961359,0.10740567836283682
83,Conflict-aware,0.7102449401035789,0.10889291466490846
84,Conflict-aware,0.7084925090233744,0.10947732176599156
85,Conflict-aware,0.7133165301836022,0.10849164636447389
86,Conflict-aware,0.7150808724704825,0.10822653630806675
87,Conflict-aware,0.7168450737179681,0.10740441076954174
88,Conflict-aware,0.7135285946410379,0.10541993890119845
89,Conflict-aware,0.717267643701679,0.10712467983559223
90,Conflict-aware,0.7143410931677162,0.09959367130015406
91,Conflict-aware,0.7141636109592475,0.10291106618951085
92,Conflict-aware,0.7163138543801854,0.10053834172675459
93,Conflict-aware,0.7179117327918251,0.10130549068134795
94,Conflict-aware,0.7138496049862973,0.10057147430461069
95,Conflict-aware,0.7142741963358906,0.097412030237227
96,Conflict-aware,0.7146490221212951,0.09707547615227131
97,Conflict-aware,0.7155005542064288,0.0990799019592297
98,Conflict-aware,0.7126666713081934,0.09734558412493816
99,Conflict-aware,0.7185626957184179,0.0944548319782123
100,Conflict-aware,0.7143835676004932,0.09907781260122689
1,Full framework,0.565379644053631,0.3061048946189653
2,Full framework,0.562136844448642,0.3035284004127152
3,Full framework,0.575138830832691,0.294652001400769
4,Full framework,0.5891230521874828,0.29339081422301816
5,Full framework,0.590979378616928,0.2875764692809253
6,Full framework,0.5960063494456243,0.28364296096622404
7,Full framework,0.6011325697179,0.2767164033198726
8,Full framework,0.6062583869848885,0.2743118233816304
9,Full framework,0.6130942770541492,0.2720186599932577
10,Full framework,0.6176664864074735,0.2698752393277971
11,Full framework,0.6268890792329519,0.2661877370536942
12,Full framework,0.6285556910305184,0.26022578698363896
13,Full framework,0.6332933982123087,0.2562547863249445
14,Full framework,0.6356582741308349,0.25128587878841435
15,Full framework,0.6435549293924406,0.25013158095968613
16,Full framework,0.6452607106601977,0.24527592641695678
17,Full framework,0.6514496077828709,0.2434904974918352
18,Full framework,0.6589840622341697,0.24235204800743299
19,Full framework,0.6606493057015794,0.23541505909287264
20,Full framework,0.6645925961604676,0.2291763317479766
21,Full framework,0.6675150201893427,0.22719959651003063
22,Full framework,0.6698411685123626,0.22281323127875544
23,Full framework,0.6723539252269771,0.22020047345171384
24,Full framework,0.6747466367007376,0.22212632313698163
25,Full framework,0.6807496383832372,0.21694511429260221
26,Full framework,0.6778958170845892,0.21048140453632141
27,Full framework,0.6877266345161169,0.21191195846392602
28,Full framework,0.6862477215818891,0.2102604219383002
29,Full framework,0.6862306633604326,0.2042060101672585
30,Full framework,0.6892357937876458,0.20081006199715684
31,Full framework,0.690798630704089,0.1987728744770399
32,Full framework,0.6953409938700337,0.1973508514885675
33,Full framework,0.694646318159504,0.19544314586954462
34,Full framework,0.7020785189124712,0.19395591648584276
35,Full framework,0.6980762115760301,0.191490593341405
36,Full framework,0.6952930350859357,0.18895565722877364
37,Full framework,0.7015311223617168,0.18687215968472637
38,Full framework,0.699239530726096,0.18307802491780573
39,Full framework,0.706617184824849,0.17634305849997278
40,Full framework,0.7113197978270128,0.1768344939305209
41,Full framework,0.7114279458240613,0.175456994448412
42,Full framework,0.7067538913535097,0.1718360776644933
43,Full framework,0.7097042515589593,0.17223775290317586
44,Full framework,0.7184962308333106,0.1675467198361746
45,Full framework,0.7152326072656557,0.16430588989828498
46,Full framework,0.7153559653645941,0.16697385414331553
47,Full framework,0.7195303838405834,0.16338210157129449
48,Full framework,0.7246932127365766,0.16048974253766812
49,Full framework,0.7221537675226949,0.15994145273264124
50,Full framework,0.7195695831444247,0.15828492407760497
51,Full framework,0.7210628007947867,0.15494814499200274
52,Full framework,0.7226592771356576,0.14749075142329326
53,Full framework,0.719742859161128,0.14922807671468952
54,Full framework,0.7191429642941142,0.14787186727050788
55,Full framework,0.7231814514367193,0.14505440086553012
56,Full framework,0.7208557573880842,0.14568937088651399
57,Full framework,0.7241560210521237,0.14597650909410664
58,Full framework,0.7252428858688983,0.1409527071284374
59,Full framework,0.7325641280438131,0.13801305013003307
60,Full framework,0.7235479975644178,0.14272823465133289
61,Full framework,0.7262707298108815,0.13618746993463593
62,Full framework,0.7266540867364534,0.13307081344842578
63,Full framework,0.72894685679625,0.13448621060122246
64,Full framework,0.7312410916158038,0.13336355432160985
65,Full framework,0.7270745113910848,0.1296301567066264
66,Full framework,0.7265069408081812,0.13117548951490013
67,Full framework,0.7244547913135189,0.12720005830987355
68,Full framework,0.7269859862854514,0.12493423946215745
69,Full framework,0.7317441697142413,0.12576764457393813
70,Full framework,0.7306253901724666,0.1256067559847455
71,Full framework,0.7277798516540301,0.12147626802028479
72,Full framework,0.7300303732652411,0.12210754476985722
73,Full framework,0.731551116635228,0.11998478225833673
74,Full framework,0.7332619086147553,0.12456884098184162
75,Full framework,0.7302516373024076,0.1162733931396566
76,Full framework,0.7315488178338158,0.1192513268408889
77,Full framework,0.7271010884177673,0.11519230326905791
78,Full framework,0.7293469691175825,0.11387864084259527
79,Full framework,0.7378880046491192,0.11443144345946253
80,Full framework,0.7266936587128928,0.11365245145563502
81,Full framework,0.7324578604588605,0.11329490332020589
82,Full framework,0.73433246570403,0.11033426427839677
83,Full framework,0.732746272592409,0.10741159265579947
84,Full framework,0.7316305550111483,0.10649150877976382
85,Full framework,0.7340491502032414,0.10755917506983521
86,Full framework,0.7343868741375329,0.10669305554129162
87,Full framework,0.7343171874722529,0.10733673740614864
88,Full framework,0.7290848998362722,0.10440454780330921
89,Full framework,0.7344233759684836,0.10473243118987181
90,Full framework,0.7324411658462772,0.10470709127473397
91,Full framework,0.7334978780027859,0.10108134752202555
92,Full framework,0.7359505410977154,0.09687527036740462
93,Full framework,0.7373145557299264,0.09659862540087363
94,Full framework,0.7381999354327893,0.09520822829524656
95,Full framework,0.7341323276022783,0.10040924883427674
96,Full framework,0.738500504794312,0.09468878658240514
97,Full framework,0.7393518014038721,0.09801985129609236
98,Full framework,0.739338063701381,0.09591495697861552
99,Full framework,0.7401906000580609,0.09737585368258853
100,Full framework,0.7356732073622522,0.09516756400794549
