seed,num_clients,dirichlet_alpha,method,legal_accuracy,total_communication_gb
1,4,0.1,FedAvg,0.6160287662187011,8.7890625
1,4,0.1,FedProx,0.6159978784648933,8.8671875
1,4,0.1,FedLoRA,0.6371765531351391,1.5625
1,4,0.1,Conflict-aware,0.6649492253337165,1.7187500000000002
1,4,0.1,Full framework,0.6679119189868361,1.875
1,4,0.3,FedAvg,0.6296453905815373,8.7890625
1,4,0.3,FedProx,0.641430947596333,8.8671875
1,4,0.3,FedLoRA,0.6650746388843997,1.5625
1,4,0.3,Conflict-aware,0.6867166900402725,1.7187500000000002
1,4,0.3,Full framework,0.6947057851096233,1.875
1,4,1.0,FedAvg,0.6511206048713807,8.7890625
1,4,1.0,FedProx,0.6552846637035364,8.8671875
1,4,1.0,FedLoRA,0.6823441793919652,1.5625
1,4,1.0,Conflict-aware,0.7041551726339486,1.7187500000000002
1,4,1.0,Full framework,0.7099035550058622,1.875
1,8,0.1,FedAvg,0.6002633775321687,17.578125
1,8,0.1,FedProx,0.6168799102346801,17.734375
1,8,0.1,FedLoRA,0.6309300751482114,3.125
1,8,0.1,Conflict-aware,0.6556122353585908,3.4375000000000004
1,8,0.1,Full framework,0.6656681245168421,3.75
1,8,0.3,FedAvg,0.6246986886610874,17.578125
1,8,0.3,FedProx,0.6436440753710585,17.734375
1,8,0.3,FedLoRA,0.6563409203323359,3.125
1,8,0.3,Conflict-aware,0.6739093122372382,3.4375000000000004
1,8,0.3,Full framework,0.688188692791633,3.75
1,8,1.0,FedAvg,0.6450536705017104,17.578125
1,8,1.0,FedProx,0.6642345422239657,17.734375
1,8,1.0,FedLoRA,0.6793891463087804,3.125
1,8,1.0,Conflict-aware,0.6969506574390719,3.4375000000000004
1,8,1.0,Full framework,0.7185590313462072,3.75
1,16,0.1,FedAvg,0.5986135405688787,35.15625
1,16,0.1,FedProx,0.6021208980737592,35.46875
1,16,0.1,FedLoRA,0.6295551357613786,6.25
1,16,0.1,Conflict-aware,0.6428077460336897,6.875000000000001
1,16,0.1,Full framework,0.6652901112942337,7.5
1,16,0.3,FedAvg,0.6269335864892375,35.15625
1,16,0.3,FedProx,0.6294446261236436,35.46875
1,16,0.3,FedLoRA,0.6436624097588778,6.25
1,16,0.3,Conflict-aware,0.6669010848259316,6.875000000000001
1,16,0.3,Full framework,0.686539428982428,7.5
1,16,1.0,FedAvg,0.6353545632246039,35.15625
1,16,1.0,FedProx,0.6593503443715805,35.46875
1,16,1.0,FedLoRA,0.674569003026664,6.25
1,16,1.0,Conflict-aware,0.6959725331679808,6.875000000000001
1,16,1.0,Full framework,0.7067928825808462,7.5
1,32,0.1,FedAvg,0.5931622000806699,70.3125
1,32,0.1,FedProx,0.5962266529360849,70.9375
1,32,0.1,FedLoRA,0.6121456671276407,12.5
1,32,0.1,Conflict-aware,0.6420618531816954,13.750000000000002
1,32,0.1,Full framework,0.6471528382899077,15.0
1,32,0.3,FedAvg,0.6128785547444625,70.3125
1,32,0.3,FedProx,0.6207942082111864,70.9375
1,32,0.3,FedLoRA,0.6496429287469597,12.5
1,32,0.3,Conflict-aware,0.6625429180956323,13.750000000000002
1,32,0.3,Full framework,0.6757146626229278,15.0
1,32,1.0,FedAvg,0.6381045266479907,70.3125
1,32,1.0,FedProx,0.6526517483532234,70.9375
1,32,1.0,FedLoRA,0.6723480276104882,12.5
1,32,1.0,Conflict-aware,0.6898247321441602,13.750000000000002
1,32,1.0,Full framework,0.6981457842428479,15.0
2,4,0.1,FedAvg,0.5947224895493999,8.7890625
2,4,0.1,FedProx,0.6206011965058204,8.8671875
2,4,0.1,FedLoRA,0.6329874849465208,1.5625
2,4,0.1,Conflict-aware,0.6649975806488432,1.7187500000000002
2,4,0.1,Full framework,0.6631415213130996,1.875
2,4,0.3,FedAvg,0.6379096764824901,8.7890625
2,4,0.3,FedProx,0.6431132587398993,8.8671875
2,4,0.3,FedLoRA,0.6558614728838229,1.5625
2,4,0.3,Conflict-aware,0.6883963156633959,1.7187500000000002
2,4,0.3,Full framework,0.7010208797226808,1.875
2,4,1.0,FedAvg,0.6512046970468209,8.7890625
2,4,1.0,FedProx,0.660411572941025,8.8671875
2,4,1.0,FedLoRA,0.6798332514734756,1.5625
2,4,1.0,Conflict-aware,0.7094953840754014,1.7187500000000002
2,4,1.0,Full framework,0.7069618759997256,1.875
2,8,0.1,FedAvg,0.6066214661340473,17.578125
2,8,0.1,FedProx,0.6066349378509026,17.734375
2,8,0.1,FedLoRA,0.6246749695168615,3.125
2,8,0.1,Conflict-aware,0.6500445072360896,3.4375000000000004
2,8,0.1,Full framework,0.6612471913406277,3.75
2,8,0.3,FedAvg,0.6264793647612649,17.578125
2,8,0.3,FedProx,0.6391693525464227,17.734375
2,8,0.3,FedLoRA,0.6551101646227886,3.125
2,8,0.3,Conflict-aware,0.6785039358460951,3.4375000000000004
2,8,0.3,Full framework,0.6916985845398513,3.75
2,8,1.0,FedAvg,0.6462406301806854,17.578125
2,8,1.0,FedProx,0.6592092465623565,17.734375
2,8,1.0,FedLoRA,0.6737279462125566,3.125
2,8,1.0,Conflict-aware,0.6885605401842821,3.4375000000000004
2,8,1.0,Full framework,0.7060288251011,3.75
2,16,0.1,FedAvg,0.5896139222221356,35.15625
2,16,0.1,FedProx,0.6003007268420876,35.46875
2,16,0.1,FedLoRA,0.6294506100338647,6.25
2,16,0.1,Conflict-aware,0.6471069324257948,6.875000000000001
2,16,0.1,Full framework,0.6644012438457769,7.5
2,16,0.3,FedAvg,0.6238721796028855,35.15625
2,16,0.3,FedProx,0.6266789460271395,35.46875
2,16,0.3,FedLoRA,0.6603473823233335,6.25
2,16,0.3,Conflict-aware,0.6734740206016475,6.875000000000001
2,16,0.3,Full framework,0.683773425458067,7.5
2,16,1.0,FedAvg,0.6406313852493453,35.15625
2,16,1.0,FedProx,0.6660540470599455,35.46875
2,16,1.0,FedLoRA,0.6740282967001178,6.25
2,16,1.0,Conflict-aware,0.6955285887734266,6.875000000000001
2,16,1.0,Full framework,0.6907265160483016,7.5
2,32,0.1,FedAvg,0.5993304131012791,70.3125
2,32,0.1,FedProx,0.6015263331285792,70.9375
2,32,0.1,FedLoRA,0.6199358581116248,12.5
2,32,0.1,Conflict-aware,0.6510467383078594,13.750000000000002
2,32,0.1,Full framework,0.6584930396413019,15.0
2,32,0.3,FedAvg,0.6187029214078497,70.3125
2,32,0.3,FedProx,0.62948248316634,70.9375
2,32,0.3,FedLoRA,0.6361664795237394,12.5
2,32,0.3,Conflict-aware,0.6704791424840363,13.750000000000002
2,32,0.3,Full framework,0.6719437221457708,15.0
2,32,1.0,FedAvg,0.636244659133258,70.3125
2,32,1.0,FedProx,0.6470636433861156,70.9375
2,32,1.0,FedLoRA,0.6650443197477872,12.5
2,32,1.0,Conflict-aware,0.6941766044230644,13.750000000000002
2,32,1.0,Full framework,0.6951005699918269,15.0
3,4,0.1,FedAvg,0.606527435291993,8.7890625
3,4,0.1,FedProx,0.6200692046640256,8.8671875
3,4,0.1,FedLoRA,0.6299592116335089,1.5625
3,4,0.1,Conflict-aware,0.6587381518762525,1.7187500000000002
3,4,0.1,Full framework,0.6672270927388321,1.875
3,4,0.3,FedAvg,0.6292141300607741,8.7890625
3,4,0.3,FedProx,0.6486003465790593,8.8671875
3,4,0.3,FedLoRA,0.662413848241835,1.5625
3,4,0.3,Conflict-aware,0.6825294173680898,1.7187500000000002
3,4,0.3,Full framework,0.6909736303226767,1.875
3,4,1.0,FedAvg,0.6525262303529932,8.7890625
3,4,1.0,FedProx,0.662765274801449,8.8671875
3,4,1.0,FedLoRA,0.6744676000931354,1.5625
3,4,1.0,Conflict-aware,0.6982376803764082,1.7187500000000002
3,4,1.0,Full framework,0.7167131638165007,1.875
3,8,0.1,FedAvg,0.6031706902984907,17.578125
3,8,0.1,FedProx,0.6176944472523362,17.734375
3,8,0.1,FedLoRA,0.6296067384475096,3.125
3,8,0.1,Conflict-aware,0.6499490895790585,3.4375000000000004
3,8,0.1,Full framework,0.6595116030913334,3.75
3,8,0.3,FedAvg,0.6281600539858568,17.578125
3,8,0.3,FedProx,0.6366891070876581,17.734375
3,8,0.3,FedLoRA,0.6449223015921522,3.125
3,8,0.3,Conflict-aware,0.6759966624152435,3.4375000000000004
3,8,0.3,Full framework,0.6902562010328656,3.75
3,8,1.0,FedAvg,0.6483276594223395,17.578125
3,8,1.0,FedProx,0.655184480361541,17.734375
3,8,1.0,FedLoRA,0.672386892115943,3.125
3,8,1.0,Conflict-aware,0.6975696396341154,3.4375000000000004
3,8,1.0,Full framework,0.7180109900902862,3.75
3,16,0.1,FedAvg,0.5939636077849967,35.15625
3,16,0.1,FedProx,0.614330941586002,35.46875
3,16,0.1,FedLoRA,0.6302616315785822,6.25
3,16,0.1,Conflict-aware,0.6441808898518651,6.875000000000001
3,16,0.1,Full framework,0.6572797586375065,7.5
3,16,0.3,FedAvg,0.6188614242533567,35.15625
3,16,0.3,FedProx,0.6417403276749735,35.46875
3,16,0.3,FedLoRA,0.6612159899438869,6.25
3,16,0.3,Conflict-aware,0.6697118494261975,6.875000000000001
3,16,0.3,Full framework,0.6888374268305597,7.5
3,16,1.0,FedAvg,0.6348800885186312,35.15625
3,16,1.0,FedProx,0.6492008326162766,35.46875
3,16,1.0,FedLoRA,0.6745207393656096,6.25
3,16,1.0,Conflict-aware,0.6948638811243669,6.875000000000001
3,16,1.0,Full framework,0.7082683604219562,7.5
3,32,0.1,FedAvg,0.591600395498448,70.3125
3,32,0.1,FedProx,0.606849065976138,70.9375
3,32,0.1,FedLoRA,0.6214298907447383,12.5
3,32,0.1,Conflict-aware,0.6456317159021889,13.750000000000002
3,32,0.1,Full framework,0.6480071498186858,15.0
3,32,0.3,FedAvg,0.6186298555795908,70.3125
3,32,0.3,FedProx,0.6273760177901913,70.9375
3,32,0.3,FedLoRA,0.6483808914374939,12.5
3,32,0.3,Conflict-aware,0.6741440022842076,13.750000000000002
3,32,0.3,Full framework,0.6850483452205295,15.0
3,32,1.0,FedAvg,0.6302331499228288,70.3125
3,32,1.0,FedProx,0.6495776687653877,70.9375
3,32,1.0,FedLoRA,0.661260511962168,12.5
3,32,1.0,Conflict-aware,0.6809628918538192,13.750000000000002
3,32,1.0,Full framework,0.6992105848626645,15.0
4,4,0.1,FedAvg,0.6057119991331409,8.7890625
4,4,0.1,FedProx,0.6202253676498358,8.8671875
4,4,0.1,FedLoRA,0.6280443262924462,1.5625
4,4,0.1,Conflict-aware,0.6537097883082,1.7187500000000002
4,4,0.1,Full framework,0.6771988294495591,1.875
4,4,0.3,FedAvg,0.6373771784122568,8.7890625
4,4,0.3,FedProx,0.632217945546221,8.8671875
4,4,0.3,FedLoRA,0.6608301348989554,1.5625
4,4,0.3,Conflict-aware,0.6741086896756794,1.7187500000000002
4,4,0.3,Full framework,0.6926164723864804,1.875
4,4,1.0,FedAvg,0.6492874831733392,8.7890625
4,4,1.0,FedProx,0.6707787308895441,8.8671875
4,4,1.0,FedLoRA,0.6814482624138796,1.5625
4,4,1.0,Conflict-aware,0.7013141134779899,1.7187500000000002
4,4,1.0,Full framework,0.7009544540860068,1.875
4,8,0.1,FedAvg,0.590984185491961,17.578125
4,8,0.1,FedProx,0.6073141747829736,17.734375
4,8,0.1,FedLoRA,0.6293883359997168,3.125
4,8,0.1,Conflict-aware,0.6430908455322154,3.4375000000000004
4,8,0.1,Full framework,0.6581463303075881,3.75
4,8,0.3,FedAvg,0.6269123492495172,17.578125
4,8,0.3,FedProx,0.6348346602755754,17.734375
4,8,0.3,FedLoRA,0.6542573125152081,3.125
4,8,0.3,Conflict-aware,0.6757207174521741,3.4375000000000004
4,8,0.3,Full framework,0.6897423210321686,3.75
4,8,1.0,FedAvg,0.6547381998142998,17.578125
4,8,1.0,FedProx,0.6598634482559016,17.734375
4,8,1.0,FedLoRA,0.6703269747277646,3.125
4,8,1.0,Conflict-aware,0.6979196707999462,3.4375000000000004
4,8,1.0,Full framework,0.712634030027809,3.75
4,16,0.1,FedAvg,0.6029001731682786,35.15625
4,16,0.1,FedProx,0.6074063697991985,35.46875
4,16,0.1,FedLoRA,0.6191159789963286,6.25
4,16,0.1,Conflict-aware,0.6482699047814616,6.875000000000001
4,16,0.1,Full framework,0.6577576926558467,7.5
4,16,0.3,FedAvg,0.6179691190114436,35.15625
4,16,0.3,FedProx,0.636770562134575,35.46875
4,16,0.3,FedLoRA,0.6468414290214942,6.25
4,16,0.3,Conflict-aware,0.6626103280457337,6.875000000000001
4,16,0.3,Full framework,0.6776124835956714,7.5
4,16,1.0,FedAvg,0.6481159767497864,35.15625
4,16,1.0,FedProx,0.6526996268067354,35.46875
4,16,1.0,FedLoRA,0.6745187235792859,6.25
4,16,1.0,Conflict-aware,0.6909792113159785,6.875000000000001
4,16,1.0,Full framework,0.6997569458620465,7.5
4,32,0.1,FedAvg,0.5946827498737834,70.3125
4,32,0.1,FedProx,0.6050315602801856,70.9375
4,32,0.1,FedLoRA,0.61307346712508,12.5
4,32,0.1,Conflict-aware,0.6429889916948608,13.750000000000002
4,32,0.1,Full framework,0.6568764278120933,15.0
4,32,0.3,FedAvg,0.6110052500980955,70.3125
4,32,0.3,FedProx,0.6235540204588093,70.9375
4,32,0.3,FedLoRA,0.6453967075377388,12.5
4,32,0.3,Conflict-aware,0.6656431980942286,13.750000000000002
4,32,0.3,Full framework,0.6813290649794435,15.0
4,32,1.0,FedAvg,0.63882718712177,70.3125
4,32,1.0,FedProx,0.6426832048884776,70.9375
4,32,1.0,FedLoRA,0.6680486238752938,12.5
4,32,1.0,Conflict-aware,0.6877109506894158,13.750000000000002
4,32,1.0,Full framework,0.7020665427430465,15.0
5,4,0.1,FedAvg,0.6123134538637813,8.7890625
5,4,0.1,FedProx,0.6274807717234083,8.8671875
5,4,0.1,FedLoRA,0.6328756980027618,1.5625
5,4,0.1,Conflict-aware,0.6578792795629846,1.7187500000000002
5,4,0.1,Full framework,0.6659315997879709,1.875
5,4,0.3,FedAvg,0.6308825183434474,8.7890625
5,4,0.3,FedProx,0.6390452171345516,8.8671875
5,4,0.3,FedLoRA,0.664261409866832,1.5625
5,4,0.3,Conflict-aware,0.6809180657788075,1.7187500000000002
5,4,0.3,Full framework,0.6924001093154496,1.875
5,4,1.0,FedAvg,0.6540842084210425,8.7890625
5,4,1.0,FedProx,0.6514418055757291,8.8671875
5,4,1.0,FedLoRA,0.6739265767504525,1.5625
5,4,1.0,Conflict-aware,0.7010188305916114,1.7187500000000002
5,4,1.0,Full framework,0.7134321837079481,1.875
5,8,0.1,FedAvg,0.6001521033524938,17.578125
5,8,0.1,FedProx,0.6198967084954373,17.734375
5,8,0.1,FedLoRA,0.6248132392642608,3.125
5,8,0.1,Conflict-aware,0.6439597621040027,3.4375000000000004
5,8,0.1,Full framework,0.6653570406486247,3.75
5,8,0.3,FedAvg,0.6265925862027,17.578125
5,8,0.3,FedProx,0.6405845564065112,17.734375
5,8,0.3,FedLoRA,0.6567510232084459,3.125
5,8,0.3,Conflict-aware,0.6632391733799081,3.4375000000000004
5,8,0.3,Full framework,0.6856662183472573,3.75
5,8,1.0,FedAvg,0.6503601609566706,17.578125
5,8,1.0,FedProx,0.6650757666965824,17.734375
5,8,1.0,FedLoRA,0.6743256218423902,3.125
5,8,1.0,Conflict-aware,0.696176526224466,3.4375000000000004
5,8,1.0,Full framework,0.6994497363252228,3.75
5,16,0.1,FedAvg,0.5973961129236773,35.15625
5,16,0.1,FedProx,0.6103931889676174,35.46875
5,16,0.1,FedLoRA,0.6203555275192931,6.25
5,16,0.1,Conflict-aware,0.6437917689134577,6.875000000000001
5,16,0.1,Full framework,0.664845958612431,7.5
5,16,0.3,FedAvg,0.6272599119203177,35.15625
5,16,0.3,FedProx,0.6374985547416763,35.46875
5,16,0.3,FedLoRA,0.6491967196726839,6.25
5,16,0.3,Conflict-aware,0.658561017622752,6.875000000000001
5,16,0.3,Full framework,0.6846305118052375,7.5
5,16,1.0,FedAvg,0.6421165232561168,35.15625
5,16,1.0,FedProx,0.6463409196931603,35.46875
5,16,1.0,FedLoRA,0.6723290647225361,6.25
5,16,1.0,Conflict-aware,0.6923549982173521,6.875000000000001
5,16,1.0,Full framework,0.7017684543421512,7.5
5,32,0.1,FedAvg,0.5945093419012002,70.3125
5,32,0.1,FedProx,0.6049894319409638,70.9375
5,32,0.1,FedLoRA,0.6195168839363594,12.5
5,32,0.1,Conflict-aware,0.6409066742591294,13.750000000000002
5,32,0.1,Full framework,0.6537633981539378,15.0
5,32,0.3,FedAvg,0.6141768410200165,70.3125
5,32,0.3,FedProx,0.6394339048947383,70.9375
5,32,0.3,FedLoRA,0.6380567635203105,12.5
5,32,0.3,Conflict-aware,0.6663553422192555,13.750000000000002
5,32,0.3,Full framework,0.6742483067766675,15.0
5,32,1.0,FedAvg,0.6347337613212213,70.3125
5,32,1.0,FedProx,0.6522525223475061,70.9375
5,32,1.0,FedLoRA,0.670462694826709,12.5
5,32,1.0,Conflict-aware,0.685734254228436,13.750000000000002
5,32,1.0,Full framework,0.703203673820135,15.0
